sheet,row,col,value,formula,data_layer,source_file,source_sheet,source_row,source_col
直播数据2,1,1,营期,,supplement_raw,🧡栋梁材项目数据沉淀.xlsx,直播数据2,1,1
直播数据2,1,2,时间点,,supplement_raw,🧡栋梁材项目数据沉淀.xlsx,直播数据2,1,2
直播数据2,1,3,601期,,supplement_raw,🧡栋梁材项目数据沉淀.xlsx,直播数据2,1,3
直播数据2,1,6,602期,,supplement_raw,🧡栋梁材项目数据沉淀.xlsx,直播数据2,1,6
直播数据2,2,3,,='营期整体数据'!T3,supplement_raw,🧡栋梁材项目数据沉淀.xlsx,直播数据2,2,3
直播数据2,2,5,备注,,supplement_raw,🧡栋梁材项目数据沉淀.xlsx,直播数据2,2,5
直播数据2,2,6,,='营期整体数据'!T4,supplement_raw,🧡栋梁材项目数据沉淀.xlsx,直播数据2,2,6
直播数据2,2,8,备注,,supplement_raw,🧡栋梁材项目数据沉淀.xlsx,直播数据2,2,8
直播数据2,3,1,备注,,supplement_raw,🧡栋梁材项目数据沉淀.xlsx,直播数据2,3,1
直播数据2,3,3,"【1】黄老师状态一般，前面上太多课了，喉咙也不行。内容过于聚焦产品
【2】浩明营长的状态很好，200元订金哗啦啦",,supplement_raw,🧡栋梁材项目数据沉淀.xlsx,直播数据2,3,3
直播数据2,3,6,"【1】整体黄老师状态很好，内容也很清晰有收获感，但是没怎么提产品、三力、录取制
【2】浩明营长的松弛流畅感反而不如601期，D5没吃晚饭+黄老师在候场，影响发挥",,supplement_raw,🧡栋梁材项目数据沉淀.xlsx,直播数据2,3,6
直播数据2,4,1,"D4
第1场直播",,supplement_raw,🧡栋梁材项目数据沉淀.xlsx,直播数据2,4,1
直播数据2,4,2,20:00:00,,supplement_raw,🧡栋梁材项目数据沉淀.xlsx,直播数据2,4,2
直播数据2,4,3,160,,supplement_raw,🧡栋梁材项目数据沉淀.xlsx,直播数据2,4,3
直播数据2,4,4,,=C4/C$2,supplement_raw,🧡栋梁材项目数据沉淀.xlsx,直播数据2,4,4
直播数据2,4,6,179,,supplement_raw,🧡栋梁材项目数据沉淀.xlsx,直播数据2,4,6
直播数据2,4,7,,=F4/F$2,supplement_raw,🧡栋梁材项目数据沉淀.xlsx,直播数据2,4,7
直播数据2,5,2,20:05:00,,supplement_raw,🧡栋梁材项目数据沉淀.xlsx,直播数据2,5,2
直播数据2,5,3,350,,supplement_raw,🧡栋梁材项目数据沉淀.xlsx,直播数据2,5,3
直播数据2,5,4,,=C5/C$2,supplement_raw,🧡栋梁材项目数据沉淀.xlsx,直播数据2,5,4
直播数据2,5,6,319,,supplement_raw,🧡栋梁材项目数据沉淀.xlsx,直播数据2,5,6
直播数据2,5,7,,=F5/F$2,supplement_raw,🧡栋梁材项目数据沉淀.xlsx,直播数据2,5,7
直播数据2,6,2,20:10:00,,supplement_raw,🧡栋梁材项目数据沉淀.xlsx,直播数据2,6,2
直播数据2,6,3,416,,supplement_raw,🧡栋梁材项目数据沉淀.xlsx,直播数据2,6,3
直播数据2,6,4,,=C6/C$2,supplement_raw,🧡栋梁材项目数据沉淀.xlsx,直播数据2,6,4
直播数据2,6,6,410,,supplement_raw,🧡栋梁材项目数据沉淀.xlsx,直播数据2,6,6
直播数据2,6,7,,=F6/F$2,supplement_raw,🧡栋梁材项目数据沉淀.xlsx,直播数据2,6,7
直播数据2,7,2,20:15:00,,supplement_raw,🧡栋梁材项目数据沉淀.xlsx,直播数据2,7,2
直播数据2,7,3,449,,supplement_raw,🧡栋梁材项目数据沉淀.xlsx,直播数据2,7,3
直播数据2,7,4,,=C7/C$2,supplement_raw,🧡栋梁材项目数据沉淀.xlsx,直播数据2,7,4
直播数据2,7,6,438,,supplement_raw,🧡栋梁材项目数据沉淀.xlsx,直播数据2,7,6
直播数据2,7,7,,=F7/F$2,supplement_raw,🧡栋梁材项目数据沉淀.xlsx,直播数据2,7,7
直播数据2,8,2,20:20:00,,supplement_raw,🧡栋梁材项目数据沉淀.xlsx,直播数据2,8,2
直播数据2,8,3,488,,supplement_raw,🧡栋梁材项目数据沉淀.xlsx,直播数据2,8,3
直播数据2,8,4,,=C8/C$2,supplement_raw,🧡栋梁材项目数据沉淀.xlsx,直播数据2,8,4
直播数据2,8,6,472,,supplement_raw,🧡栋梁材项目数据沉淀.xlsx,直播数据2,8,6
直播数据2,8,7,,=F8/F$2,supplement_raw,🧡栋梁材项目数据沉淀.xlsx,直播数据2,8,7
直播数据2,9,2,20:25:00,,supplement_raw,🧡栋梁材项目数据沉淀.xlsx,直播数据2,9,2
直播数据2,9,3,500,,supplement_raw,🧡栋梁材项目数据沉淀.xlsx,直播数据2,9,3
直播数据2,9,4,,=C9/C$2,supplement_raw,🧡栋梁材项目数据沉淀.xlsx,直播数据2,9,4
直播数据2,9,6,473,,supplement_raw,🧡栋梁材项目数据沉淀.xlsx,直播数据2,9,6
直播数据2,9,7,,=F9/F$2,supplement_raw,🧡栋梁材项目数据沉淀.xlsx,直播数据2,9,7
直播数据2,10,2,20:30:00,,supplement_raw,🧡栋梁材项目数据沉淀.xlsx,直播数据2,10,2
直播数据2,10,3,516,,supplement_raw,🧡栋梁材项目数据沉淀.xlsx,直播数据2,10,3
直播数据2,10,4,,=C10/C$2,supplement_raw,🧡栋梁材项目数据沉淀.xlsx,直播数据2,10,4
直播数据2,10,6,492,,supplement_raw,🧡栋梁材项目数据沉淀.xlsx,直播数据2,10,6
直播数据2,10,7,,=F10/F$2,supplement_raw,🧡栋梁材项目数据沉淀.xlsx,直播数据2,10,7
直播数据2,11,2,20:35:00,,supplement_raw,🧡栋梁材项目数据沉淀.xlsx,直播数据2,11,2
直播数据2,11,3,522,,supplement_raw,🧡栋梁材项目数据沉淀.xlsx,直播数据2,11,3
直播数据2,11,4,,=C11/C$2,supplement_raw,🧡栋梁材项目数据沉淀.xlsx,直播数据2,11,4
直播数据2,11,6,496,,supplement_raw,🧡栋梁材项目数据沉淀.xlsx,直播数据2,11,6
直播数据2,11,7,,=F11/F$2,supplement_raw,🧡栋梁材项目数据沉淀.xlsx,直播数据2,11,7
直播数据2,12,2,20:40:00,,supplement_raw,🧡栋梁材项目数据沉淀.xlsx,直播数据2,12,2
直播数据2,12,3,525,,supplement_raw,🧡栋梁材项目数据沉淀.xlsx,直播数据2,12,3
直播数据2,12,4,,=C12/C$2,supplement_raw,🧡栋梁材项目数据沉淀.xlsx,直播数据2,12,4
直播数据2,12,6,490,,supplement_raw,🧡栋梁材项目数据沉淀.xlsx,直播数据2,12,6
直播数据2,12,7,,=F12/F$2,supplement_raw,🧡栋梁材项目数据沉淀.xlsx,直播数据2,12,7
直播数据2,13,2,20:45:00,,supplement_raw,🧡栋梁材项目数据沉淀.xlsx,直播数据2,13,2
直播数据2,13,3,524,,supplement_raw,🧡栋梁材项目数据沉淀.xlsx,直播数据2,13,3
直播数据2,13,4,,=C13/C$2,supplement_raw,🧡栋梁材项目数据沉淀.xlsx,直播数据2,13,4
直播数据2,13,6,495,,supplement_raw,🧡栋梁材项目数据沉淀.xlsx,直播数据2,13,6
直播数据2,13,7,,=F13/F$2,supplement_raw,🧡栋梁材项目数据沉淀.xlsx,直播数据2,13,7
直播数据2,14,2,20:50:00,,supplement_raw,🧡栋梁材项目数据沉淀.xlsx,直播数据2,14,2
直播数据2,14,3,520,,supplement_raw,🧡栋梁材项目数据沉淀.xlsx,直播数据2,14,3
直播数据2,14,4,,=C14/C$2,supplement_raw,🧡栋梁材项目数据沉淀.xlsx,直播数据2,14,4
直播数据2,14,6,495,,supplement_raw,🧡栋梁材项目数据沉淀.xlsx,直播数据2,14,6
直播数据2,14,7,,=F14/F$2,supplement_raw,🧡栋梁材项目数据沉淀.xlsx,直播数据2,14,7
直播数据2,14,8,弹2680产品,,supplement_raw,🧡栋梁材项目数据沉淀.xlsx,直播数据2,14,8
直播数据2,15,2,20:55:00,,supplement_raw,🧡栋梁材项目数据沉淀.xlsx,直播数据2,15,2
直播数据2,15,3,522,,supplement_raw,🧡栋梁材项目数据沉淀.xlsx,直播数据2,15,3
直播数据2,15,4,,=C15/C$2,supplement_raw,🧡栋梁材项目数据沉淀.xlsx,直播数据2,15,4
直播数据2,15,6,492,,supplement_raw,🧡栋梁材项目数据沉淀.xlsx,直播数据2,15,6
直播数据2,15,7,,=F15/F$2,supplement_raw,🧡栋梁材项目数据沉淀.xlsx,直播数据2,15,7
直播数据2,16,2,21:00:00,,supplement_raw,🧡栋梁材项目数据沉淀.xlsx,直播数据2,16,2
直播数据2,16,3,512,,supplement_raw,🧡栋梁材项目数据沉淀.xlsx,直播数据2,16,3
直播数据2,16,4,,=C16/C$2,supplement_raw,🧡栋梁材项目数据沉淀.xlsx,直播数据2,16,4
直播数据2,16,6,473,,supplement_raw,🧡栋梁材项目数据沉淀.xlsx,直播数据2,16,6
直播数据2,16,7,,=F16/F$2,supplement_raw,🧡栋梁材项目数据沉淀.xlsx,直播数据2,16,7
直播数据2,16,8,1个2680,,supplement_raw,🧡栋梁材项目数据沉淀.xlsx,直播数据2,16,8
直播数据2,17,2,21:05:00,,supplement_raw,🧡栋梁材项目数据沉淀.xlsx,直播数据2,17,2
直播数据2,17,3,/,,supplement_raw,🧡栋梁材项目数据沉淀.xlsx,直播数据2,17,3
直播数据2,17,4,/,,supplement_raw,🧡栋梁材项目数据沉淀.xlsx,直播数据2,17,4
直播数据2,17,6,471,,supplement_raw,🧡栋梁材项目数据沉淀.xlsx,直播数据2,17,6
直播数据2,17,7,,=F17/F$2,supplement_raw,🧡栋梁材项目数据沉淀.xlsx,直播数据2,17,7
直播数据2,17,8,"最后1分钟
浩明营长闪现",,supplement_raw,🧡栋梁材项目数据沉淀.xlsx,直播数据2,17,8
直播数据2,18,1,"D5
第2场直播",,supplement_raw,🧡栋梁材项目数据沉淀.xlsx,直播数据2,18,1
直播数据2,18,2,20:00:00,,supplement_raw,🧡栋梁材项目数据沉淀.xlsx,直播数据2,18,2
直播数据2,18,3,106,,supplement_raw,🧡栋梁材项目数据沉淀.xlsx,直播数据2,18,3
直播数据2,18,4,,=C18/C$2,supplement_raw,🧡栋梁材项目数据沉淀.xlsx,直播数据2,18,4
直播数据2,18,6,121,,supplement_raw,🧡栋梁材项目数据沉淀.xlsx,直播数据2,18,6
直播数据2,18,7,,=F18/F$2,supplement_raw,🧡栋梁材项目数据沉淀.xlsx,直播数据2,18,7
直播数据2,19,2,20:05:00,,supplement_raw,🧡栋梁材项目数据沉淀.xlsx,直播数据2,19,2
直播数据2,19,3,233,,supplement_raw,🧡栋梁材项目数据沉淀.xlsx,直播数据2,19,3
直播数据2,19,4,,=C19/C$2,supplement_raw,🧡栋梁材项目数据沉淀.xlsx,直播数据2,19,4
直播数据2,19,6,245,,supplement_raw,🧡栋梁材项目数据沉淀.xlsx,直播数据2,19,6
直播数据2,19,7,,=F19/F$2,supplement_raw,🧡栋梁材项目数据沉淀.xlsx,直播数据2,19,7
直播数据2,20,2,20:10:00,,supplement_raw,🧡栋梁材项目数据沉淀.xlsx,直播数据2,20,2
直播数据2,20,3,327,,supplement_raw,🧡栋梁材项目数据沉淀.xlsx,直播数据2,20,3
直播数据2,20,4,,=C20/C$2,supplement_raw,🧡栋梁材项目数据沉淀.xlsx,直播数据2,20,4
直播数据2,20,6,333,,supplement_raw,🧡栋梁材项目数据沉淀.xlsx,直播数据2,20,6
直播数据2,20,7,,=F20/F$2,supplement_raw,🧡栋梁材项目数据沉淀.xlsx,直播数据2,20,7
直播数据2,21,2,20:15:00,,supplement_raw,🧡栋梁材项目数据沉淀.xlsx,直播数据2,21,2
直播数据2,21,3,341,,supplement_raw,🧡栋梁材项目数据沉淀.xlsx,直播数据2,21,3
直播数据2,21,4,,=C21/C$2,supplement_raw,🧡栋梁材项目数据沉淀.xlsx,直播数据2,21,4
直播数据2,21,6,362,,supplement_raw,🧡栋梁材项目数据沉淀.xlsx,直播数据2,21,6
直播数据2,21,7,,=F21/F$2,supplement_raw,🧡栋梁材项目数据沉淀.xlsx,直播数据2,21,7
直播数据2,22,2,20:20:00,,supplement_raw,🧡栋梁材项目数据沉淀.xlsx,直播数据2,22,2
直播数据2,22,3,384,,supplement_raw,🧡栋梁材项目数据沉淀.xlsx,直播数据2,22,3
直播数据2,22,4,,=C22/C$2,supplement_raw,🧡栋梁材项目数据沉淀.xlsx,直播数据2,22,4
直播数据2,22,6,382,,supplement_raw,🧡栋梁材项目数据沉淀.xlsx,直播数据2,22,6
直播数据2,22,7,,=F22/F$2,supplement_raw,🧡栋梁材项目数据沉淀.xlsx,直播数据2,22,7
直播数据2,23,2,20:25:00,,supplement_raw,🧡栋梁材项目数据沉淀.xlsx,直播数据2,23,2
直播数据2,23,3,394,,supplement_raw,🧡栋梁材项目数据沉淀.xlsx,直播数据2,23,3
直播数据2,23,4,,=C23/C$2,supplement_raw,🧡栋梁材项目数据沉淀.xlsx,直播数据2,23,4
直播数据2,23,6,389,,supplement_raw,🧡栋梁材项目数据沉淀.xlsx,直播数据2,23,6
直播数据2,23,7,,=F23/F$2,supplement_raw,🧡栋梁材项目数据沉淀.xlsx,直播数据2,23,7
直播数据2,24,2,20:30:00,,supplement_raw,🧡栋梁材项目数据沉淀.xlsx,直播数据2,24,2
直播数据2,24,3,408,,supplement_raw,🧡栋梁材项目数据沉淀.xlsx,直播数据2,24,3
直播数据2,24,4,,=C24/C$2,supplement_raw,🧡栋梁材项目数据沉淀.xlsx,直播数据2,24,4
直播数据2,24,6,399,,supplement_raw,🧡栋梁材项目数据沉淀.xlsx,直播数据2,24,6
直播数据2,24,7,,=F24/F$2,supplement_raw,🧡栋梁材项目数据沉淀.xlsx,直播数据2,24,7
直播数据2,25,2,20:35:00,,supplement_raw,🧡栋梁材项目数据沉淀.xlsx,直播数据2,25,2
直播数据2,25,3,408,,supplement_raw,🧡栋梁材项目数据沉淀.xlsx,直播数据2,25,3
直播数据2,25,4,,=C25/C$2,supplement_raw,🧡栋梁材项目数据沉淀.xlsx,直播数据2,25,4
直播数据2,25,6,394,,supplement_raw,🧡栋梁材项目数据沉淀.xlsx,直播数据2,25,6
直播数据2,25,7,,=F25/F$2,supplement_raw,🧡栋梁材项目数据沉淀.xlsx,直播数据2,25,7
直播数据2,25,8,浩明营长上场,,supplement_raw,🧡栋梁材项目数据沉淀.xlsx,直播数据2,25,8
直播数据2,26,2,20:40:00,,supplement_raw,🧡栋梁材项目数据沉淀.xlsx,直播数据2,26,2
直播数据2,26,3,407,,supplement_raw,🧡栋梁材项目数据沉淀.xlsx,直播数据2,26,3
直播数据2,26,4,,=C26/C$2,supplement_raw,🧡栋梁材项目数据沉淀.xlsx,直播数据2,26,4
直播数据2,26,6,416,,supplement_raw,🧡栋梁材项目数据沉淀.xlsx,直播数据2,26,6
直播数据2,26,7,,=F26/F$2,supplement_raw,🧡栋梁材项目数据沉淀.xlsx,直播数据2,26,7
直播数据2,27,2,20:45:00,,supplement_raw,🧡栋梁材项目数据沉淀.xlsx,直播数据2,27,2
直播数据2,27,3,412,,supplement_raw,🧡栋梁材项目数据沉淀.xlsx,直播数据2,27,3
直播数据2,27,4,,=C27/C$2,supplement_raw,🧡栋梁材项目数据沉淀.xlsx,直播数据2,27,4
直播数据2,27,6,400,,supplement_raw,🧡栋梁材项目数据沉淀.xlsx,直播数据2,27,6
直播数据2,27,7,,=F27/F$2,supplement_raw,🧡栋梁材项目数据沉淀.xlsx,直播数据2,27,7
直播数据2,28,2,20:50:00,,supplement_raw,🧡栋梁材项目数据沉淀.xlsx,直播数据2,28,2
直播数据2,28,3,384,,supplement_raw,🧡栋梁材项目数据沉淀.xlsx,直播数据2,28,3
直播数据2,28,4,,=C28/C$2,supplement_raw,🧡栋梁材项目数据沉淀.xlsx,直播数据2,28,4
直播数据2,28,6,367,,supplement_raw,🧡栋梁材项目数据沉淀.xlsx,直播数据2,28,6
直播数据2,28,7,,=F28/F$2,supplement_raw,🧡栋梁材项目数据沉淀.xlsx,直播数据2,28,7
直播数据2,28,8,4,,supplement_raw,🧡栋梁材项目数据沉淀.xlsx,直播数据2,28,8
直播数据2,29,2,20:55:00,,supplement_raw,🧡栋梁材项目数据沉淀.xlsx,直播数据2,29,2
直播数据2,29,3,358,,supplement_raw,🧡栋梁材项目数据沉淀.xlsx,直播数据2,29,3
直播数据2,29,4,,=C29/C$2,supplement_raw,🧡栋梁材项目数据沉淀.xlsx,直播数据2,29,4
直播数据2,29,5,7,,supplement_raw,🧡栋梁材项目数据沉淀.xlsx,直播数据2,29,5
直播数据2,29,6,332,,supplement_raw,🧡栋梁材项目数据沉淀.xlsx,直播数据2,29,6
直播数据2,29,7,,=F29/F$2,supplement_raw,🧡栋梁材项目数据沉淀.xlsx,直播数据2,29,7
直播数据2,29,8,11,,supplement_raw,🧡栋梁材项目数据沉淀.xlsx,直播数据2,29,8
直播数据2,30,2,21:00:00,,supplement_raw,🧡栋梁材项目数据沉淀.xlsx,直播数据2,30,2
直播数据2,30,3,337,,supplement_raw,🧡栋梁材项目数据沉淀.xlsx,直播数据2,30,3
直播数据2,30,4,,=C30/C$2,supplement_raw,🧡栋梁材项目数据沉淀.xlsx,直播数据2,30,4
直播数据2,30,5,36,,supplement_raw,🧡栋梁材项目数据沉淀.xlsx,直播数据2,30,5
直播数据2,30,6,301,,supplement_raw,🧡栋梁材项目数据沉淀.xlsx,直播数据2,30,6
直播数据2,30,7,,=F30/F$2,supplement_raw,🧡栋梁材项目数据沉淀.xlsx,直播数据2,30,7
直播数据2,30,8,"36（可退费））
黄老师返场",,supplement_raw,🧡栋梁材项目数据沉淀.xlsx,直播数据2,30,8
直播数据2,31,2,21:05:00,,supplement_raw,🧡栋梁材项目数据沉淀.xlsx,直播数据2,31,2
直播数据2,31,3,324,,supplement_raw,🧡栋梁材项目数据沉淀.xlsx,直播数据2,31,3
直播数据2,31,4,,=C31/C$2,supplement_raw,🧡栋梁材项目数据沉淀.xlsx,直播数据2,31,4
直播数据2,31,5,12,,supplement_raw,🧡栋梁材项目数据沉淀.xlsx,直播数据2,31,5
直播数据2,31,6,303,,supplement_raw,🧡栋梁材项目数据沉淀.xlsx,直播数据2,31,6
直播数据2,31,7,,=F31/F$2,supplement_raw,🧡栋梁材项目数据沉淀.xlsx,直播数据2,31,7
直播数据2,31,8,1,,supplement_raw,🧡栋梁材项目数据沉淀.xlsx,直播数据2,31,8
直播数据2,32,2,21:10:00,,supplement_raw,🧡栋梁材项目数据沉淀.xlsx,直播数据2,32,2
直播数据2,32,3,323,,supplement_raw,🧡栋梁材项目数据沉淀.xlsx,直播数据2,32,3
直播数据2,32,4,,=C32/C$2,supplement_raw,🧡栋梁材项目数据沉淀.xlsx,直播数据2,32,4
直播数据2,32,5,0,,supplement_raw,🧡栋梁材项目数据沉淀.xlsx,直播数据2,32,5
直播数据2,32,6,305,,supplement_raw,🧡栋梁材项目数据沉淀.xlsx,直播数据2,32,6
直播数据2,32,7,,=F32/F$2,supplement_raw,🧡栋梁材项目数据沉淀.xlsx,直播数据2,32,7
直播数据2,32,8,1,,supplement_raw,🧡栋梁材项目数据沉淀.xlsx,直播数据2,32,8
直播数据2,33,2,21:15:00,,supplement_raw,🧡栋梁材项目数据沉淀.xlsx,直播数据2,33,2
直播数据2,33,3,310,,supplement_raw,🧡栋梁材项目数据沉淀.xlsx,直播数据2,33,3
直播数据2,33,4,,=C33/C$2,supplement_raw,🧡栋梁材项目数据沉淀.xlsx,直播数据2,33,4
直播数据2,33,5,2,,supplement_raw,🧡栋梁材项目数据沉淀.xlsx,直播数据2,33,5
直播数据2,33,6,297,,supplement_raw,🧡栋梁材项目数据沉淀.xlsx,直播数据2,33,6
直播数据2,33,7,,=F33/F$2,supplement_raw,🧡栋梁材项目数据沉淀.xlsx,直播数据2,33,7
直播数据2,33,8,1,,supplement_raw,🧡栋梁材项目数据沉淀.xlsx,直播数据2,33,8
直播数据2,34,2,21:20:00,,supplement_raw,🧡栋梁材项目数据沉淀.xlsx,直播数据2,34,2
直播数据2,34,3,/,,supplement_raw,🧡栋梁材项目数据沉淀.xlsx,直播数据2,34,3
直播数据2,34,4,/,,supplement_raw,🧡栋梁材项目数据沉淀.xlsx,直播数据2,34,4
直播数据2,34,6,270,,supplement_raw,🧡栋梁材项目数据沉淀.xlsx,直播数据2,34,6
直播数据2,34,7,,=F34/F$2,supplement_raw,🧡栋梁材项目数据沉淀.xlsx,直播数据2,34,7
直播数据2,34,8,3,,supplement_raw,🧡栋梁材项目数据沉淀.xlsx,直播数据2,34,8
直播数据2,35,1,"D6
第3场直播",,supplement_raw,🧡栋梁材项目数据沉淀.xlsx,直播数据2,35,1
直播数据2,35,2,19:55:00,,supplement_raw,🧡栋梁材项目数据沉淀.xlsx,直播数据2,35,2
直播数据2,35,3,/,,supplement_raw,🧡栋梁材项目数据沉淀.xlsx,直播数据2,35,3
直播数据2,35,4,/,,supplement_raw,🧡栋梁材项目数据沉淀.xlsx,直播数据2,35,4
直播数据2,35,6,13,,supplement_raw,🧡栋梁材项目数据沉淀.xlsx,直播数据2,35,6
直播数据2,35,7,,=F35/F$2,supplement_raw,🧡栋梁材项目数据沉淀.xlsx,直播数据2,35,7
直播数据2,35,8,"提前播放
成材相伴视频",,supplement_raw,🧡栋梁材项目数据沉淀.xlsx,直播数据2,35,8
直播数据2,36,2,20:00:00,,supplement_raw,🧡栋梁材项目数据沉淀.xlsx,直播数据2,36,2
直播数据2,36,3,73,,supplement_raw,🧡栋梁材项目数据沉淀.xlsx,直播数据2,36,3
直播数据2,36,4,,=C36/C$2,supplement_raw,🧡栋梁材项目数据沉淀.xlsx,直播数据2,36,4
直播数据2,36,6,84,,supplement_raw,🧡栋梁材项目数据沉淀.xlsx,直播数据2,36,6
直播数据2,36,7,,=F36/F$2,supplement_raw,🧡栋梁材项目数据沉淀.xlsx,直播数据2,36,7
直播数据2,37,2,20:05:00,,supplement_raw,🧡栋梁材项目数据沉淀.xlsx,直播数据2,37,2
直播数据2,37,3,180,,supplement_raw,🧡栋梁材项目数据沉淀.xlsx,直播数据2,37,3
直播数据2,37,4,,=C37/C$2,supplement_raw,🧡栋梁材项目数据沉淀.xlsx,直播数据2,37,4
直播数据2,37,6,182,,supplement_raw,🧡栋梁材项目数据沉淀.xlsx,直播数据2,37,6
直播数据2,37,7,,=F37/F$2,supplement_raw,🧡栋梁材项目数据沉淀.xlsx,直播数据2,37,7
直播数据2,38,2,20:10:00,,supplement_raw,🧡栋梁材项目数据沉淀.xlsx,直播数据2,38,2
直播数据2,38,3,244,,supplement_raw,🧡栋梁材项目数据沉淀.xlsx,直播数据2,38,3
直播数据2,38,4,,=C38/C$2,supplement_raw,🧡栋梁材项目数据沉淀.xlsx,直播数据2,38,4
直播数据2,38,6,242,,supplement_raw,🧡栋梁材项目数据沉淀.xlsx,直播数据2,38,6
直播数据2,38,7,,=F38/F$2,supplement_raw,🧡栋梁材项目数据沉淀.xlsx,直播数据2,38,7
直播数据2,39,2,20:15:00,,supplement_raw,🧡栋梁材项目数据沉淀.xlsx,直播数据2,39,2
直播数据2,39,3,261,,supplement_raw,🧡栋梁材项目数据沉淀.xlsx,直播数据2,39,3
直播数据2,39,4,,=C39/C$2,supplement_raw,🧡栋梁材项目数据沉淀.xlsx,直播数据2,39,4
直播数据2,39,6,259,,supplement_raw,🧡栋梁材项目数据沉淀.xlsx,直播数据2,39,6
直播数据2,39,7,,=F39/F$2,supplement_raw,🧡栋梁材项目数据沉淀.xlsx,直播数据2,39,7
直播数据2,40,2,20:20:00,,supplement_raw,🧡栋梁材项目数据沉淀.xlsx,直播数据2,40,2
直播数据2,40,3,284,,supplement_raw,🧡栋梁材项目数据沉淀.xlsx,直播数据2,40,3
直播数据2,40,4,,=C40/C$2,supplement_raw,🧡栋梁材项目数据沉淀.xlsx,直播数据2,40,4
直播数据2,40,6,283,,supplement_raw,🧡栋梁材项目数据沉淀.xlsx,直播数据2,40,6
直播数据2,40,7,,=F40/F$2,supplement_raw,🧡栋梁材项目数据沉淀.xlsx,直播数据2,40,7
直播数据2,41,2,20:25:00,,supplement_raw,🧡栋梁材项目数据沉淀.xlsx,直播数据2,41,2
直播数据2,41,3,282,,supplement_raw,🧡栋梁材项目数据沉淀.xlsx,直播数据2,41,3
直播数据2,41,4,,=C41/C$2,supplement_raw,🧡栋梁材项目数据沉淀.xlsx,直播数据2,41,4
直播数据2,41,6,286,,supplement_raw,🧡栋梁材项目数据沉淀.xlsx,直播数据2,41,6
直播数据2,41,7,,=F41/F$2,supplement_raw,🧡栋梁材项目数据沉淀.xlsx,直播数据2,41,7
直播数据2,42,2,20:30:00,,supplement_raw,🧡栋梁材项目数据沉淀.xlsx,直播数据2,42,2
直播数据2,42,3,288,,supplement_raw,🧡栋梁材项目数据沉淀.xlsx,直播数据2,42,3
直播数据2,42,4,,=C42/C$2,supplement_raw,🧡栋梁材项目数据沉淀.xlsx,直播数据2,42,4
直播数据2,42,6,304,,supplement_raw,🧡栋梁材项目数据沉淀.xlsx,直播数据2,42,6
直播数据2,42,7,,=F42/F$2,supplement_raw,🧡栋梁材项目数据沉淀.xlsx,直播数据2,42,7
直播数据2,43,2,20:35:00,,supplement_raw,🧡栋梁材项目数据沉淀.xlsx,直播数据2,43,2
直播数据2,43,3,290,,supplement_raw,🧡栋梁材项目数据沉淀.xlsx,直播数据2,43,3
直播数据2,43,4,,=C43/C$2,supplement_raw,🧡栋梁材项目数据沉淀.xlsx,直播数据2,43,4
直播数据2,43,6,307,,supplement_raw,🧡栋梁材项目数据沉淀.xlsx,直播数据2,43,6
直播数据2,43,7,,=F43/F$2,supplement_raw,🧡栋梁材项目数据沉淀.xlsx,直播数据2,43,7
直播数据2,44,2,20:40:00,,supplement_raw,🧡栋梁材项目数据沉淀.xlsx,直播数据2,44,2
直播数据2,44,3,283,,supplement_raw,🧡栋梁材项目数据沉淀.xlsx,直播数据2,44,3
直播数据2,44,4,,=C44/C$2,supplement_raw,🧡栋梁材项目数据沉淀.xlsx,直播数据2,44,4
直播数据2,44,6,306,,supplement_raw,🧡栋梁材项目数据沉淀.xlsx,直播数据2,44,6
直播数据2,44,7,,=F44/F$2,supplement_raw,🧡栋梁材项目数据沉淀.xlsx,直播数据2,44,7
直播数据2,44,8,浩明营长上场,,supplement_raw,🧡栋梁材项目数据沉淀.xlsx,直播数据2,44,8
直播数据2,45,2,20:45:00,,supplement_raw,🧡栋梁材项目数据沉淀.xlsx,直播数据2,45,2
直播数据2,45,3,272,,supplement_raw,🧡栋梁材项目数据沉淀.xlsx,直播数据2,45,3
直播数据2,45,4,,=C45/C$2,supplement_raw,🧡栋梁材项目数据沉淀.xlsx,直播数据2,45,4
直播数据2,45,6,290,,supplement_raw,🧡栋梁材项目数据沉淀.xlsx,直播数据2,45,6
直播数据2,45,7,,=F45/F$2,supplement_raw,🧡栋梁材项目数据沉淀.xlsx,直播数据2,45,7
直播数据2,46,2,20:50:00,,supplement_raw,🧡栋梁材项目数据沉淀.xlsx,直播数据2,46,2
直播数据2,46,3,268,,supplement_raw,🧡栋梁材项目数据沉淀.xlsx,直播数据2,46,3
直播数据2,46,4,,=C46/C$2,supplement_raw,🧡栋梁材项目数据沉淀.xlsx,直播数据2,46,4
直播数据2,46,6,281,,supplement_raw,🧡栋梁材项目数据沉淀.xlsx,直播数据2,46,6
直播数据2,46,7,,=F46/F$2,supplement_raw,🧡栋梁材项目数据沉淀.xlsx,直播数据2,46,7
直播数据2,46,8,7,,supplement_raw,🧡栋梁材项目数据沉淀.xlsx,直播数据2,46,8
直播数据2,47,2,20:55:00,,supplement_raw,🧡栋梁材项目数据沉淀.xlsx,直播数据2,47,2
直播数据2,47,3,251,,supplement_raw,🧡栋梁材项目数据沉淀.xlsx,直播数据2,47,3
直播数据2,47,4,,=C47/C$2,supplement_raw,🧡栋梁材项目数据沉淀.xlsx,直播数据2,47,4
直播数据2,47,6,267,,supplement_raw,🧡栋梁材项目数据沉淀.xlsx,直播数据2,47,6
直播数据2,47,7,,=F47/F$2,supplement_raw,🧡栋梁材项目数据沉淀.xlsx,直播数据2,47,7
直播数据2,47,8,1,,supplement_raw,🧡栋梁材项目数据沉淀.xlsx,直播数据2,47,8
直播数据2,48,2,21:00:00,,supplement_raw,🧡栋梁材项目数据沉淀.xlsx,直播数据2,48,2
直播数据2,48,3,248,,supplement_raw,🧡栋梁材项目数据沉淀.xlsx,直播数据2,48,3
直播数据2,48,4,,=C48/C$2,supplement_raw,🧡栋梁材项目数据沉淀.xlsx,直播数据2,48,4
直播数据2,48,5,5,,supplement_raw,🧡栋梁材项目数据沉淀.xlsx,直播数据2,48,5
直播数据2,48,6,244,,supplement_raw,🧡栋梁材项目数据沉淀.xlsx,直播数据2,48,6
直播数据2,48,7,,=F48/F$2,supplement_raw,🧡栋梁材项目数据沉淀.xlsx,直播数据2,48,7
直播数据2,48,8,5,,supplement_raw,🧡栋梁材项目数据沉淀.xlsx,直播数据2,48,8
直播数据2,49,2,21:05:00,,supplement_raw,🧡栋梁材项目数据沉淀.xlsx,直播数据2,49,2
直播数据2,49,3,246,,supplement_raw,🧡栋梁材项目数据沉淀.xlsx,直播数据2,49,3
直播数据2,49,4,,=C49/C$2,supplement_raw,🧡栋梁材项目数据沉淀.xlsx,直播数据2,49,4
直播数据2,49,5,1,,supplement_raw,🧡栋梁材项目数据沉淀.xlsx,直播数据2,49,5
直播数据2,49,6,223,,supplement_raw,🧡栋梁材项目数据沉淀.xlsx,直播数据2,49,6
直播数据2,49,7,,=F49/F$2,supplement_raw,🧡栋梁材项目数据沉淀.xlsx,直播数据2,49,7
直播数据2,49,8,6,,supplement_raw,🧡栋梁材项目数据沉淀.xlsx,直播数据2,49,8
直播数据2,50,2,21:10:00,,supplement_raw,🧡栋梁材项目数据沉淀.xlsx,直播数据2,50,2
直播数据2,50,3,237,,supplement_raw,🧡栋梁材项目数据沉淀.xlsx,直播数据2,50,3
直播数据2,50,4,,=C50/C$2,supplement_raw,🧡栋梁材项目数据沉淀.xlsx,直播数据2,50,4
直播数据2,50,5,2,,supplement_raw,🧡栋梁材项目数据沉淀.xlsx,直播数据2,50,5
直播数据2,50,6,/,,supplement_raw,🧡栋梁材项目数据沉淀.xlsx,直播数据2,50,6
直播数据2,50,7,/,,supplement_raw,🧡栋梁材项目数据沉淀.xlsx,直播数据2,50,7
直播数据2,50,8,/,,supplement_raw,🧡栋梁材项目数据沉淀.xlsx,直播数据2,50,8
直播数据2,51,2,21:15:00,,supplement_raw,🧡栋梁材项目数据沉淀.xlsx,直播数据2,51,2
直播数据2,51,3,218,,supplement_raw,🧡栋梁材项目数据沉淀.xlsx,直播数据2,51,3
直播数据2,51,4,,=C51/C$2,supplement_raw,🧡栋梁材项目数据沉淀.xlsx,直播数据2,51,4
直播数据2,51,5,11,,supplement_raw,🧡栋梁材项目数据沉淀.xlsx,直播数据2,51,5
直播数据2,51,6,/,,supplement_raw,🧡栋梁材项目数据沉淀.xlsx,直播数据2,51,6
直播数据2,51,7,/,,supplement_raw,🧡栋梁材项目数据沉淀.xlsx,直播数据2,51,7
直播数据2,51,8,/,,supplement_raw,🧡栋梁材项目数据沉淀.xlsx,直播数据2,51,8
直播数据2,52,2,21:20:00,,supplement_raw,🧡栋梁材项目数据沉淀.xlsx,直播数据2,52,2
直播数据2,52,3,201,,supplement_raw,🧡栋梁材项目数据沉淀.xlsx,直播数据2,52,3
直播数据2,52,4,,=C52/C$2,supplement_raw,🧡栋梁材项目数据沉淀.xlsx,直播数据2,52,4
直播数据2,52,5,5,,supplement_raw,🧡栋梁材项目数据沉淀.xlsx,直播数据2,52,5
直播数据2,52,6,/,,supplement_raw,🧡栋梁材项目数据沉淀.xlsx,直播数据2,52,6
直播数据2,52,7,/,,supplement_raw,🧡栋梁材项目数据沉淀.xlsx,直播数据2,52,7
直播数据2,52,8,/,,supplement_raw,🧡栋梁材项目数据沉淀.xlsx,直播数据2,52,8
150学分进阶率,1,1,营期,,supplement_raw,🧡栋梁材项目数据沉淀.xlsx,150学分进阶率,1,1
150学分进阶率,1,2,开营时间D-1,,supplement_raw,🧡栋梁材项目数据沉淀.xlsx,150学分进阶率,1,2
150学分进阶率,1,3,结营时间D10,,supplement_raw,🧡栋梁材项目数据沉淀.xlsx,150学分进阶率,1,3
150学分进阶率,3,1,601期,,supplement_raw,🧡栋梁材项目数据沉淀.xlsx,150学分进阶率,3,1
150学分进阶率,3,2,2026-06-10,,supplement_raw,🧡栋梁材项目数据沉淀.xlsx,150学分进阶率,3,2
150学分进阶率,3,3,2026-06-20,,supplement_raw,🧡栋梁材项目数据沉淀.xlsx,150学分进阶率,3,3
150学分进阶率,4,1,602期,,supplement_raw,🧡栋梁材项目数据沉淀.xlsx,150学分进阶率,4,1
150学分进阶率,4,2,2026-06-24,,supplement_raw,🧡栋梁材项目数据沉淀.xlsx,150学分进阶率,4,2
150学分进阶率,4,3,2026-07-04,,supplement_raw,🧡栋梁材项目数据沉淀.xlsx,150学分进阶率,4,3
LTV预测,1,1,营期,,supplement_raw,🧡栋梁材项目数据沉淀.xlsx,LTV预测,1,1
LTV预测,1,2,裂变,,supplement_raw,🧡栋梁材项目数据沉淀.xlsx,LTV预测,1,2
LTV预测,1,5,直播2：鸿斌直播,,supplement_raw,🧡栋梁材项目数据沉淀.xlsx,LTV预测,1,5
LTV预测,1,8,CPA,,supplement_raw,🧡栋梁材项目数据沉淀.xlsx,LTV预测,1,8
LTV预测,1,11,视频号加热,,supplement_raw,🧡栋梁材项目数据沉淀.xlsx,LTV预测,1,11
LTV预测,1,14,视频号直播,,supplement_raw,🧡栋梁材项目数据沉淀.xlsx,LTV预测,1,14
LTV预测,2,2,人数,,supplement_raw,🧡栋梁材项目数据沉淀.xlsx,LTV预测,2,2
LTV预测,2,3,GMV,,supplement_raw,🧡栋梁材项目数据沉淀.xlsx,LTV预测,2,3
LTV预测,2,4,LTV,,supplement_raw,🧡栋梁材项目数据沉淀.xlsx,LTV预测,2,4
LTV预测,2,5,人数,,supplement_raw,🧡栋梁材项目数据沉淀.xlsx,LTV预测,2,5
LTV预测,2,6,GMV,,supplement_raw,🧡栋梁材项目数据沉淀.xlsx,LTV预测,2,6
LTV预测,2,7,LTV,,supplement_raw,🧡栋梁材项目数据沉淀.xlsx,LTV预测,2,7
LTV预测,2,8,人数,,supplement_raw,🧡栋梁材项目数据沉淀.xlsx,LTV预测,2,8
LTV预测,2,9,GMV,,supplement_raw,🧡栋梁材项目数据沉淀.xlsx,LTV预测,2,9
LTV预测,2,10,LTV,,supplement_raw,🧡栋梁材项目数据沉淀.xlsx,LTV预测,2,10
LTV预测,2,11,人数,,supplement_raw,🧡栋梁材项目数据沉淀.xlsx,LTV预测,2,11
LTV预测,2,12,GMV,,supplement_raw,🧡栋梁材项目数据沉淀.xlsx,LTV预测,2,12
LTV预测,2,13,LTV,,supplement_raw,🧡栋梁材项目数据沉淀.xlsx,LTV预测,2,13
sop梳理,1,1,D0,,supplement_raw,🧡栋梁材项目数据沉淀.xlsx,sop梳理,1,1
sop梳理,1,2,D-1,,supplement_raw,🧡栋梁材项目数据沉淀.xlsx,sop梳理,1,2
sop梳理,1,3,D1,,supplement_raw,🧡栋梁材项目数据沉淀.xlsx,sop梳理,1,3
sop梳理,1,4,D2,,supplement_raw,🧡栋梁材项目数据沉淀.xlsx,sop梳理,1,4
sop梳理,1,5,D3,,supplement_raw,🧡栋梁材项目数据沉淀.xlsx,sop梳理,1,5
sop梳理,1,6,D4,,supplement_raw,🧡栋梁材项目数据沉淀.xlsx,sop梳理,1,6
sop梳理,1,7,D5,,supplement_raw,🧡栋梁材项目数据沉淀.xlsx,sop梳理,1,7
sop梳理,1,8,D6,,supplement_raw,🧡栋梁材项目数据沉淀.xlsx,sop梳理,1,8
sop梳理,1,9,D7,,supplement_raw,🧡栋梁材项目数据沉淀.xlsx,sop梳理,1,9
sop梳理,1,10,D8,,supplement_raw,🧡栋梁材项目数据沉淀.xlsx,sop梳理,1,10
sop梳理,1,11,D9,,supplement_raw,🧡栋梁材项目数据沉淀.xlsx,sop梳理,1,11
sop梳理,1,12,D10,,supplement_raw,🧡栋梁材项目数据沉淀.xlsx,sop梳理,1,12
sop梳理,1,13,D11,,supplement_raw,🧡栋梁材项目数据沉淀.xlsx,sop梳理,1,13
sop梳理,1,14,D12,,supplement_raw,🧡栋梁材项目数据沉淀.xlsx,sop梳理,1,14
sop梳理,2,1,关键动作/目标,,supplement_raw,🧡栋梁材项目数据沉淀.xlsx,sop梳理,2,1
sop梳理,2,10,"【1】累计成交6单
【2】0名额
【3】腾讯会议分享",,supplement_raw,🧡栋梁材项目数据沉淀.xlsx,sop梳理,2,10
sop梳理,3,1,全天,,supplement_raw,🧡栋梁材项目数据沉淀.xlsx,sop梳理,3,1
sop梳理,4,1,07:30:00,,supplement_raw,🧡栋梁材项目数据沉淀.xlsx,sop梳理,4,1
sop梳理,4,10,【7:30群公告】早鸟名额仅剩2,,supplement_raw,🧡栋梁材项目数据沉淀.xlsx,sop梳理,4,10
sop梳理,5,1,08:00:00,,supplement_raw,🧡栋梁材项目数据沉淀.xlsx,sop梳理,5,1
sop梳理,5,10,【8:00私信】提醒主课学习,,supplement_raw,🧡栋梁材项目数据沉淀.xlsx,sop梳理,5,10
sop梳理,6,1,09:00:00,,supplement_raw,🧡栋梁材项目数据沉淀.xlsx,sop梳理,6,1
sop梳理,6,10,【9:00私信】仅剩1个名额,,supplement_raw,🧡栋梁材项目数据沉淀.xlsx,sop梳理,6,10
sop梳理,7,1,10:00:00,,supplement_raw,🧡栋梁材项目数据沉淀.xlsx,sop梳理,7,1
sop梳理,7,10,【10:00私信】11点腾讯会议,,supplement_raw,🧡栋梁材项目数据沉淀.xlsx,sop梳理,7,10
sop梳理,8,1,11:00:00,,supplement_raw,🧡栋梁材项目数据沉淀.xlsx,sop梳理,8,1
sop梳理,8,10,【11:00直播】腾讯会议学姐分享,,supplement_raw,🧡栋梁材项目数据沉淀.xlsx,sop梳理,8,10
sop梳理,9,1,12:00:00,,supplement_raw,🧡栋梁材项目数据沉淀.xlsx,sop梳理,9,1
sop梳理,9,10,【12:00私信】腾讯会议回放,,supplement_raw,🧡栋梁材项目数据沉淀.xlsx,sop梳理,9,10
sop梳理,10,1,13:00:00,,supplement_raw,🧡栋梁材项目数据沉淀.xlsx,sop梳理,10,1
sop梳理,11,1,14:00:00,,supplement_raw,🧡栋梁材项目数据沉淀.xlsx,sop梳理,11,1
sop梳理,12,1,15:00:00,,supplement_raw,🧡栋梁材项目数据沉淀.xlsx,sop梳理,12,1
sop梳理,12,10,"【15:00群公告】0名额
【15:10剧本】0名额",,supplement_raw,🧡栋梁材项目数据沉淀.xlsx,sop梳理,12,10
sop梳理,13,1,16:00:00,,supplement_raw,🧡栋梁材项目数据沉淀.xlsx,sop梳理,13,1
sop梳理,13,10,【16:00私信】视频案例：孩子分享,,supplement_raw,🧡栋梁材项目数据沉淀.xlsx,sop梳理,13,10
sop梳理,14,1,17:00:00,,supplement_raw,🧡栋梁材项目数据沉淀.xlsx,sop梳理,14,1
sop梳理,15,1,18:00:00,,supplement_raw,🧡栋梁材项目数据沉淀.xlsx,sop梳理,15,1
sop梳理,16,1,19:00:00,,supplement_raw,🧡栋梁材项目数据沉淀.xlsx,sop梳理,16,1
sop梳理,16,10,【19:45】@所有人：签到,,supplement_raw,🧡栋梁材项目数据沉淀.xlsx,sop梳理,16,10
sop梳理,17,1,20:00:00,,supplement_raw,🧡栋梁材项目数据沉淀.xlsx,sop梳理,17,1
sop梳理,17,10,【20:00晚课】,,supplement_raw,🧡栋梁材项目数据沉淀.xlsx,sop梳理,17,10
sop梳理,18,1,21:00:00,,supplement_raw,🧡栋梁材项目数据沉淀.xlsx,sop梳理,18,1
sop梳理,18,10,"【21:00炒群】晚课收获分享
【21:10私信】补全款、跟单",,supplement_raw,🧡栋梁材项目数据沉淀.xlsx,sop梳理,18,10
sop梳理,19,1,22:00:00,,supplement_raw,🧡栋梁材项目数据沉淀.xlsx,sop梳理,19,1
sop梳理,19,10,【22:00群公告】,,supplement_raw,🧡栋梁材项目数据沉淀.xlsx,sop梳理,19,10
sop梳理,20,1,23:00:00,,supplement_raw,🧡栋梁材项目数据沉淀.xlsx,sop梳理,20,1
sop梳理,21,1,1900-01-01,,supplement_raw,🧡栋梁材项目数据沉淀.xlsx,sop梳理,21,1
面试情况,1,2,602期启航营学员面试情况,,supplement_raw,🧡栋梁材项目数据沉淀.xlsx,面试情况,1,2
面试情况,1,9,602期启航营学员面试情况,,supplement_raw,🧡栋梁材项目数据沉淀.xlsx,面试情况,1,9
面试情况,2,2,大类别,,supplement_raw,🧡栋梁材项目数据沉淀.xlsx,面试情况,2,2
面试情况,2,3,人数,,supplement_raw,🧡栋梁材项目数据沉淀.xlsx,面试情况,2,3
面试情况,2,4,占比,,supplement_raw,🧡栋梁材项目数据沉淀.xlsx,面试情况,2,4
面试情况,2,5,细分类别,,supplement_raw,🧡栋梁材项目数据沉淀.xlsx,面试情况,2,5
面试情况,2,6,人数,,supplement_raw,🧡栋梁材项目数据沉淀.xlsx,面试情况,2,6
面试情况,2,7,细分占比,,supplement_raw,🧡栋梁材项目数据沉淀.xlsx,面试情况,2,7
面试情况,2,9,大类别,,supplement_raw,🧡栋梁材项目数据沉淀.xlsx,面试情况,2,9
面试情况,2,10,人数,,supplement_raw,🧡栋梁材项目数据沉淀.xlsx,面试情况,2,10
面试情况,2,11,占比,,supplement_raw,🧡栋梁材项目数据沉淀.xlsx,面试情况,2,11
面试情况,2,12,细分类别,,supplement_raw,🧡栋梁材项目数据沉淀.xlsx,面试情况,2,12
面试情况,2,13,人数,,supplement_raw,🧡栋梁材项目数据沉淀.xlsx,面试情况,2,13
面试情况,2,14,细分占比,,supplement_raw,🧡栋梁材项目数据沉淀.xlsx,面试情况,2,14
面试情况,2,16,启航营学员情况,,supplement_raw,🧡栋梁材项目数据沉淀.xlsx,面试情况,2,16
面试情况,3,2,不用面试,,supplement_raw,🧡栋梁材项目数据沉淀.xlsx,面试情况,3,2
面试情况,3,3,,=F3,supplement_raw,🧡栋梁材项目数据沉淀.xlsx,面试情况,3,3
面试情况,3,4,,=C3/C11,supplement_raw,🧡栋梁材项目数据沉淀.xlsx,面试情况,3,4
面试情况,3,5,知情且同意,,supplement_raw,🧡栋梁材项目数据沉淀.xlsx,面试情况,3,5
面试情况,3,6,44,,supplement_raw,🧡栋梁材项目数据沉淀.xlsx,面试情况,3,6
面试情况,3,7,/,,supplement_raw,🧡栋梁材项目数据沉淀.xlsx,面试情况,3,7
面试情况,3,9,不用面试,,supplement_raw,🧡栋梁材项目数据沉淀.xlsx,面试情况,3,9
面试情况,3,10,46,,supplement_raw,🧡栋梁材项目数据沉淀.xlsx,面试情况,3,10
面试情况,3,11,,=J3/J11,supplement_raw,🧡栋梁材项目数据沉淀.xlsx,面试情况,3,11
面试情况,3,12,知情且同意,,supplement_raw,🧡栋梁材项目数据沉淀.xlsx,面试情况,3,12
面试情况,3,13,44,,supplement_raw,🧡栋梁材项目数据沉淀.xlsx,面试情况,3,13
面试情况,3,14,/,,supplement_raw,🧡栋梁材项目数据沉淀.xlsx,面试情况,3,14
面试情况,3,16,正常开课学习,,supplement_raw,🧡栋梁材项目数据沉淀.xlsx,面试情况,3,16
面试情况,3,17,84,,supplement_raw,🧡栋梁材项目数据沉淀.xlsx,面试情况,3,17
面试情况,3,18,,=Q3/Q$7,supplement_raw,🧡栋梁材项目数据沉淀.xlsx,面试情况,3,18
面试情况,4,2,"需要面试
且已完成面试",,supplement_raw,🧡栋梁材项目数据沉淀.xlsx,面试情况,4,2
面试情况,4,3,,=SUM(F4:F6),supplement_raw,🧡栋梁材项目数据沉淀.xlsx,面试情况,4,3
面试情况,4,4,,=C4/C11,supplement_raw,🧡栋梁材项目数据沉淀.xlsx,面试情况,4,4
面试情况,4,5,面试通过,,supplement_raw,🧡栋梁材项目数据沉淀.xlsx,面试情况,4,5
面试情况,4,6,28,,supplement_raw,🧡栋梁材项目数据沉淀.xlsx,面试情况,4,6
面试情况,4,7,,=F4/C$4,supplement_raw,🧡栋梁材项目数据沉淀.xlsx,面试情况,4,7
面试情况,4,9,"需要面试
且已完成面试",,supplement_raw,🧡栋梁材项目数据沉淀.xlsx,面试情况,4,9
面试情况,4,10,,=SUM(M4:M6),supplement_raw,🧡栋梁材项目数据沉淀.xlsx,面试情况,4,10
面试情况,4,11,,=J4/J11,supplement_raw,🧡栋梁材项目数据沉淀.xlsx,面试情况,4,11
面试情况,4,12,面试通过,,supplement_raw,🧡栋梁材项目数据沉淀.xlsx,面试情况,4,12
面试情况,4,13,39,,supplement_raw,🧡栋梁材项目数据沉淀.xlsx,面试情况,4,13
面试情况,4,14,,=M4/J$4,supplement_raw,🧡栋梁材项目数据沉淀.xlsx,面试情况,4,14
面试情况,4,16,延期,,supplement_raw,🧡栋梁材项目数据沉淀.xlsx,面试情况,4,16
面试情况,4,17,5,,supplement_raw,🧡栋梁材项目数据沉淀.xlsx,面试情况,4,17
面试情况,4,18,,=Q4/Q$7,supplement_raw,🧡栋梁材项目数据沉淀.xlsx,面试情况,4,18
面试情况,5,5,面试了，还需要进一步沟通,,supplement_raw,🧡栋梁材项目数据沉淀.xlsx,面试情况,5,5
面试情况,5,6,2,,supplement_raw,🧡栋梁材项目数据沉淀.xlsx,面试情况,5,6
面试情况,5,7,,=F5/C$4,supplement_raw,🧡栋梁材项目数据沉淀.xlsx,面试情况,5,7
面试情况,5,12,面试了，还需要进一步沟通,,supplement_raw,🧡栋梁材项目数据沉淀.xlsx,面试情况,5,12
面试情况,5,13,2,,supplement_raw,🧡栋梁材项目数据沉淀.xlsx,面试情况,5,13
面试情况,5,14,,=M5/J$4,supplement_raw,🧡栋梁材项目数据沉淀.xlsx,面试情况,5,14
面试情况,5,16,"待确认
（缺席/不通过/教练自己面）",,supplement_raw,🧡栋梁材项目数据沉淀.xlsx,面试情况,5,16
面试情况,5,17,9,,supplement_raw,🧡栋梁材项目数据沉淀.xlsx,面试情况,5,17
面试情况,5,18,,=Q5/Q$7,supplement_raw,🧡栋梁材项目数据沉淀.xlsx,面试情况,5,18
面试情况,6,5,面试不通过,,supplement_raw,🧡栋梁材项目数据沉淀.xlsx,面试情况,6,5
面试情况,6,6,4,,supplement_raw,🧡栋梁材项目数据沉淀.xlsx,面试情况,6,6
面试情况,6,7,,=F6/C$4,supplement_raw,🧡栋梁材项目数据沉淀.xlsx,面试情况,6,7
面试情况,6,12,面试不通过,,supplement_raw,🧡栋梁材项目数据沉淀.xlsx,面试情况,6,12
面试情况,6,13,8,,supplement_raw,🧡栋梁材项目数据沉淀.xlsx,面试情况,6,13
面试情况,6,14,,=M6/J$4,supplement_raw,🧡栋梁材项目数据沉淀.xlsx,面试情况,6,14
面试情况,6,16,退费,,supplement_raw,🧡栋梁材项目数据沉淀.xlsx,面试情况,6,16
面试情况,6,17,6,,supplement_raw,🧡栋梁材项目数据沉淀.xlsx,面试情况,6,17
面试情况,6,18,,=Q6/Q$7,supplement_raw,🧡栋梁材项目数据沉淀.xlsx,面试情况,6,18
面试情况,7,2,"需要面试
但未确定",,supplement_raw,🧡栋梁材项目数据沉淀.xlsx,面试情况,7,2
面试情况,7,3,,=SUM(F7:F9),supplement_raw,🧡栋梁材项目数据沉淀.xlsx,面试情况,7,3
面试情况,7,4,,=C7/C11,supplement_raw,🧡栋梁材项目数据沉淀.xlsx,面试情况,7,4
面试情况,7,5,待面试,,supplement_raw,🧡栋梁材项目数据沉淀.xlsx,面试情况,7,5
面试情况,7,6,13,,supplement_raw,🧡栋梁材项目数据沉淀.xlsx,面试情况,7,6
面试情况,7,7,,=F7/C$7,supplement_raw,🧡栋梁材项目数据沉淀.xlsx,面试情况,7,7
面试情况,7,9,"需要面试
但未确定",,supplement_raw,🧡栋梁材项目数据沉淀.xlsx,面试情况,7,9
面试情况,7,10,,=SUM(M7:M9),supplement_raw,🧡栋梁材项目数据沉淀.xlsx,面试情况,7,10
面试情况,7,11,,=J7/J11,supplement_raw,🧡栋梁材项目数据沉淀.xlsx,面试情况,7,11
面试情况,7,12,待面试,,supplement_raw,🧡栋梁材项目数据沉淀.xlsx,面试情况,7,12
面试情况,7,13,0,,supplement_raw,🧡栋梁材项目数据沉淀.xlsx,面试情况,7,13
面试情况,7,14,,=M7/J$7,supplement_raw,🧡栋梁材项目数据沉淀.xlsx,面试情况,7,14
面试情况,7,16,合计,,supplement_raw,🧡栋梁材项目数据沉淀.xlsx,面试情况,7,16
面试情况,7,17,,=SUM(Q3:Q6),supplement_raw,🧡栋梁材项目数据沉淀.xlsx,面试情况,7,17
面试情况,7,18,,=Q7/Q$7,supplement_raw,🧡栋梁材项目数据沉淀.xlsx,面试情况,7,18
面试情况,8,5,缺席面试,,supplement_raw,🧡栋梁材项目数据沉淀.xlsx,面试情况,8,5
面试情况,8,6,7,,supplement_raw,🧡栋梁材项目数据沉淀.xlsx,面试情况,8,6
面试情况,8,7,,=F8/C$7,supplement_raw,🧡栋梁材项目数据沉淀.xlsx,面试情况,8,7
面试情况,8,12,缺席面试,,supplement_raw,🧡栋梁材项目数据沉淀.xlsx,面试情况,8,12
面试情况,8,13,5,,supplement_raw,🧡栋梁材项目数据沉淀.xlsx,面试情况,8,13
面试情况,8,14,,=M8/J$7,supplement_raw,🧡栋梁材项目数据沉淀.xlsx,面试情况,8,14
面试情况,9,5,需要面试，自己面/未确定（木子/少芸/青青）,,supplement_raw,🧡栋梁材项目数据沉淀.xlsx,面试情况,9,5
面试情况,9,6,3,,supplement_raw,🧡栋梁材项目数据沉淀.xlsx,面试情况,9,6
面试情况,9,7,,=F9/C$7,supplement_raw,🧡栋梁材项目数据沉淀.xlsx,面试情况,9,7
面试情况,9,12,需要面试，自己面/未确定（木子/少芸/青青）,,supplement_raw,🧡栋梁材项目数据沉淀.xlsx,面试情况,9,12
面试情况,9,13,1,,supplement_raw,🧡栋梁材项目数据沉淀.xlsx,面试情况,9,13
面试情况,9,14,,=M9/J$7,supplement_raw,🧡栋梁材项目数据沉淀.xlsx,面试情况,9,14
面试情况,9,16,,=NOW(),supplement_raw,🧡栋梁材项目数据沉淀.xlsx,面试情况,9,16
面试情况,10,2,延期,,supplement_raw,🧡栋梁材项目数据沉淀.xlsx,面试情况,10,2
面试情况,10,3,,=F10,supplement_raw,🧡栋梁材项目数据沉淀.xlsx,面试情况,10,3
面试情况,10,4,,=C10/C11,supplement_raw,🧡栋梁材项目数据沉淀.xlsx,面试情况,10,4
面试情况,10,5,需要面试，但延期,,supplement_raw,🧡栋梁材项目数据沉淀.xlsx,面试情况,10,5
面试情况,10,6,3,,supplement_raw,🧡栋梁材项目数据沉淀.xlsx,面试情况,10,6
面试情况,10,7,/,,supplement_raw,🧡栋梁材项目数据沉淀.xlsx,面试情况,10,7
面试情况,10,9,延期,,supplement_raw,🧡栋梁材项目数据沉淀.xlsx,面试情况,10,9
面试情况,10,10,,=M10,supplement_raw,🧡栋梁材项目数据沉淀.xlsx,面试情况,10,10
面试情况,10,11,,=J10/J11,supplement_raw,🧡栋梁材项目数据沉淀.xlsx,面试情况,10,11
面试情况,10,12,需要面试，但延期,,supplement_raw,🧡栋梁材项目数据沉淀.xlsx,面试情况,10,12
面试情况,10,13,3,,supplement_raw,🧡栋梁材项目数据沉淀.xlsx,面试情况,10,13
面试情况,10,14,/,,supplement_raw,🧡栋梁材项目数据沉淀.xlsx,面试情况,10,14
面试情况,11,2,合计,,supplement_raw,🧡栋梁材项目数据沉淀.xlsx,面试情况,11,2
面试情况,11,3,,=SUM(C3:C10),supplement_raw,🧡栋梁材项目数据沉淀.xlsx,面试情况,11,3
面试情况,11,4,,=SUM(D3:D10),supplement_raw,🧡栋梁材项目数据沉淀.xlsx,面试情况,11,4
面试情况,11,5,合计,,supplement_raw,🧡栋梁材项目数据沉淀.xlsx,面试情况,11,5
面试情况,11,6,,=SUM(F3:F10),supplement_raw,🧡栋梁材项目数据沉淀.xlsx,面试情况,11,6
面试情况,11,7,/,,supplement_raw,🧡栋梁材项目数据沉淀.xlsx,面试情况,11,7
面试情况,11,9,合计,,supplement_raw,🧡栋梁材项目数据沉淀.xlsx,面试情况,11,9
面试情况,11,10,,=SUM(J3:J10),supplement_raw,🧡栋梁材项目数据沉淀.xlsx,面试情况,11,10
面试情况,11,11,,=SUM(K3:K10),supplement_raw,🧡栋梁材项目数据沉淀.xlsx,面试情况,11,11
面试情况,11,12,合计,,supplement_raw,🧡栋梁材项目数据沉淀.xlsx,面试情况,11,12
面试情况,11,13,,=SUM(M3:M10),supplement_raw,🧡栋梁材项目数据沉淀.xlsx,面试情况,11,13
面试情况,11,14,/,,supplement_raw,🧡栋梁材项目数据沉淀.xlsx,面试情况,11,14
面试情况,12,5,2026年7月7日 下午,,supplement_raw,🧡栋梁材项目数据沉淀.xlsx,面试情况,12,5
面试情况,12,12,,=NOW(),supplement_raw,🧡栋梁材项目数据沉淀.xlsx,面试情况,12,12
待办,1,1,拉一个全新学员独立漏斗表,,supplement_raw,🧡栋梁材项目数据沉淀.xlsx,待办,1,1
待办,1,4,学员名单,,supplement_raw,🧡栋梁材项目数据沉淀.xlsx,待办,1,4
待办,1,5,D1学分,,supplement_raw,🧡栋梁材项目数据沉淀.xlsx,待办,1,5
待办,1,6,D2学分,,supplement_raw,🧡栋梁材项目数据沉淀.xlsx,待办,1,6
待办,1,7,D3学分,,supplement_raw,🧡栋梁材项目数据沉淀.xlsx,待办,1,7
待办,1,8,D4学分,,supplement_raw,🧡栋梁材项目数据沉淀.xlsx,待办,1,8
待办,1,9,D5学分,,supplement_raw,🧡栋梁材项目数据沉淀.xlsx,待办,1,9
待办,1,10,D6学分,,supplement_raw,🧡栋梁材项目数据沉淀.xlsx,待办,1,10
待办,1,11,D7学分,,supplement_raw,🧡栋梁材项目数据沉淀.xlsx,待办,1,11
待办,1,12,D8学分,,supplement_raw,🧡栋梁材项目数据沉淀.xlsx,待办,1,12
待办,1,13,D9学分,,supplement_raw,🧡栋梁材项目数据沉淀.xlsx,待办,1,13
待办,1,14,D10学分,,supplement_raw,🧡栋梁材项目数据沉淀.xlsx,待办,1,14
待办,1,15,总学分,,supplement_raw,🧡栋梁材项目数据沉淀.xlsx,待办,1,15
待办,1,16,D4到课,,supplement_raw,🧡栋梁材项目数据沉淀.xlsx,待办,1,16
待办,1,17,D4完课,,supplement_raw,🧡栋梁材项目数据沉淀.xlsx,待办,1,17
待办,1,18,D5到课,,supplement_raw,🧡栋梁材项目数据沉淀.xlsx,待办,1,18
待办,1,19,D5完课,,supplement_raw,🧡栋梁材项目数据沉淀.xlsx,待办,1,19
待办,1,20,D6到课,,supplement_raw,🧡栋梁材项目数据沉淀.xlsx,待办,1,20
待办,1,21,D6完课,,supplement_raw,🧡栋梁材项目数据沉淀.xlsx,待办,1,21
待办,1,22,"是否内驱力
测评",,supplement_raw,🧡栋梁材项目数据沉淀.xlsx,待办,1,22
待办,1,23,"是否内驱力
解读",,supplement_raw,🧡栋梁材项目数据沉淀.xlsx,待办,1,23
待办,1,24,"是否
定金",,supplement_raw,🧡栋梁材项目数据沉淀.xlsx,待办,1,24
待办,1,25,"是否
补款",,supplement_raw,🧡栋梁材项目数据沉淀.xlsx,待办,1,25
待办,2,1,确认 467 个全新学员分别走到哪一步：到课、完课、作业、测评、解读、私聊、订金、补款、流失。,,supplement_raw,🧡栋梁材项目数据沉淀.xlsx,待办,2,1
待办,2,4,1,,supplement_raw,🧡栋梁材项目数据沉淀.xlsx,待办,2,4
待办,3,4,2,,supplement_raw,🧡栋梁材项目数据沉淀.xlsx,待办,3,4
待办,4,4,3,,supplement_raw,🧡栋梁材项目数据沉淀.xlsx,待办,4,4
待办,5,4,4,,supplement_raw,🧡栋梁材项目数据沉淀.xlsx,待办,5,4
待办,6,4,5,,supplement_raw,🧡栋梁材项目数据沉淀.xlsx,待办,6,4
待办,7,4,6,,supplement_raw,🧡栋梁材项目数据沉淀.xlsx,待办,7,4
待办,8,4,7,,supplement_raw,🧡栋梁材项目数据沉淀.xlsx,待办,8,4
待办,9,4,8,,supplement_raw,🧡栋梁材项目数据沉淀.xlsx,待办,9,4
待办,10,4,9,,supplement_raw,🧡栋梁材项目数据沉淀.xlsx,待办,10,4
待办,11,4,10,,supplement_raw,🧡栋梁材项目数据沉淀.xlsx,待办,11,4
待办,12,4,11,,supplement_raw,🧡栋梁材项目数据沉淀.xlsx,待办,12,4
待办,13,4,12,,supplement_raw,🧡栋梁材项目数据沉淀.xlsx,待办,13,4
待办,14,4,13,,supplement_raw,🧡栋梁材项目数据沉淀.xlsx,待办,14,4
待办,15,4,14,,supplement_raw,🧡栋梁材项目数据沉淀.xlsx,待办,15,4
待办,16,4,15,,supplement_raw,🧡栋梁材项目数据沉淀.xlsx,待办,16,4
