新指标ID,数据层级,对象类型,数据指标,旧指标ID,业务定义,录入说明,录入方式,关联指标ID,来源Sheet,当前身份证位置,是否有待确认项,待确认-数据来源,待确认-业务口径,待确认-计算规则,待确认-统计范围
L1-001,L1,原始字段,进阶订单支付金额原始记录,新增原始字段,用于形成“进阶金额”的逐条原始事实或明细记录；本身不做汇总和公式计算。,从来源汇总：进阶_订单原始明细[支付金额]求和，602期=346300，与D4完全一致。所指向的原始来源逐条拉取或登记。,原始明细拉取/登记,无,营期整体数据；成交节奏；成交节奏（副本）；流量数据沉淀,由L2-001的上游来源抽取,有,,,,确认按支付日或业务归属日统计；1笔订单号为空。
L2-001,L2,汇总/一次派生指标,进阶金额,M-001,本营期学员购买进阶产品产生的金额合计。,来源汇总：进阶_订单原始明细[支付金额]求和，602期=346300，与D4完全一致。,原始汇总,L1-001 进阶订单支付金额原始记录,营期整体数据；成交节奏；成交节奏（副本）；流量数据沉淀,原Sheet下方横向身份证,有,,确认是否包含订金、尾款、补款及退款。,,确认按支付日或业务归属日统计；1笔订单号为空。
L3-001,L3,复合业务指标,进阶LTV,M-002,平均每个内部总配额对应的进阶金额。,进阶金额 ÷ 内部总配额（D4 ÷ Y4）。,公式计算,L2-001 进阶金额；L2-007 内部总配额,营期整体数据；实际LTV,原Sheet下方横向身份证,有,,当前表另有338.2使用1024分母，本指标使用1025。,统一内部总配额分母后再定稿。,
L1-002,L1,原始指标,广告费用,M-003,为了本次招生支付的广告投放费用。,手动输入,手动输入,无,营期整体数据；流量数据沉淀,原Sheet下方横向身份证,有,确认能否从广告账户或招生费用明细自动汇总，并明确来源表与负责人。,确认广告费用是否仅含投流，是否包含服务费、税费或人工成本。,,确认广告费用按消耗日、充值日还是归属营期统计。
L3-002,L3,复合业务指标,CAC,M-004,平均每个内部总配额分摊的广告费用。,广告费用 ÷ 内部总配额（F4 ÷ Y4）,公式计算,L1-002 广告费用；L2-007 内部总配额,营期整体数据,原Sheet下方横向身份证,有,,确认是否继续命名为CAC；当前分母是内部总配额，不是新增获客人数。,,
L3-003,L3,复合业务指标,ROI,M-005,每投入 1 元广告费用带来的进阶金额。,进阶金额 ÷ 广告费用（D4 ÷ F4）,公式计算,L2-001 进阶金额；L1-002 广告费用,营期整体数据；流量数据沉淀,原Sheet下方横向身份证,有,,确认ROI的收益端是否使用未扣广告费的进阶金额，以及是否应扣除退款。,,
L1-003,L1,原始指标,体验课收入,M-006,本营期学员购买体验课产生的收入合计。,手动输入,手动输入,无,营期整体数据,原Sheet下方横向身份证,有,确认能否从体验课订单明细自动汇总，并明确来源表与负责人。,确认体验课收入是否包含补款、尾款，以及是否按退款后净额统计。,,确认按支付日还是归属营期统计，并明确退款截止时间。
L3-004,L3,复合业务指标,体验课平均单价,M-008,平均每名后台有效学员对应的体验课收入。,体验课收入 ÷ 后台有效人数（I4 ÷ T4）,公式计算,L1-003 体验课收入；L2-005 后台有效人数,营期整体数据,原Sheet下方横向身份证,有,,“平均单价”与当前分母不一致；需确认是人均体验课收入还是订单平均单价。,,
L2-002,L2,汇总/一次派生指标,总营收,M-009,进阶金额与体验课收入的合计。,进阶金额 + 体验课收入（D4 + I4）,公式计算,L2-001 进阶金额；L1-003 体验课收入,营期整体数据,原Sheet下方横向身份证,有,,确认总营收是否只包含进阶金额与体验课收入。,,
L1-004,L1,原始指标,退费金额,M-010,本营期发生的退费金额合计。,手动输入,手动输入,无,营期整体数据,原Sheet下方横向身份证,有,确认能否从退款订单明细自动汇总。,确认退费金额包含哪些产品、哪些退款状态。,当前以常数公式录入，需改成手动值或可追溯的来源公式。,确认退款按申请日、到账日还是原订单营期归属。
L3-005,L3,复合业务指标,退费占比,M-011,退费金额占进阶金额的比例。,退费金额 ÷ 进阶金额（L4 ÷ D4）；602期当前未填入该公式,公式计算（602期缺失）,L1-004 退费金额；L2-001 进阶金额,营期整体数据,原Sheet下方横向身份证,有,,,602期公式缺失，需补为退费金额÷进阶金额，并统一历期公式。,确认602期为空是未采集、无数据还是漏填。
L2-003,L2,汇总/一次派生指标,退费后营收,M-012,总营收扣除退费金额后的营收。,总营收 - 退费金额（K4 - L4）,公式计算,L2-002 总营收；L1-004 退费金额,营期整体数据,原Sheet下方横向身份证,无,,,,
L1-005,L1,原始指标,延期金额,M-013,归入延期处理的金额合计。,手动输入,手动输入,无,营期整体数据,原Sheet下方横向身份证,有,确认能否从延期申请或订单状态明细自动汇总。,确认什么情况计入延期金额。,,确认延期金额归入原营期还是复学营期。
L3-006,L3,复合业务指标,延期占比,M-014,延期金额占进阶金额的比例。,延期金额 ÷ 进阶金额（O4 ÷ D4）；602期当前未填入该公式,公式计算（602期缺失）,L1-005 延期金额；L2-001 进阶金额,营期整体数据,原Sheet下方横向身份证,有,,,602期公式缺失，需补为延期金额÷进阶金额，并统一历期公式。,确认602期为空是未采集、无数据还是漏填。
L1-006,L1,原始指标,复学金额,M-015,延期学员复学后重新计入的金额合计。,手动输入,手动输入,无,营期整体数据,原Sheet下方横向身份证,有,确认能否从复学记录或订单明细自动汇总。,确认什么情况计入复学金额。,,确认复学金额归入原营期还是复学营期。
L3-007,L3,复合业务指标,复学金额占比,M-016,复学金额占实际营收的比例。,复学金额 ÷ 实际营收（Q4 ÷ S4）,公式计算,L1-006 复学金额；L2-004 实际营收,营期整体数据,原Sheet下方横向身份证,有,,确认复学金额占比是否应以实际营收为分母。,,
L2-004,L2,汇总/一次派生指标,实际营收,M-017,总营收扣除退费与延期金额，再加回复学金额后的营收。,总营收 - 退费金额 - 延期金额 + 复学金额（K4 - L4 - O4 + Q4）,公式计算,L2-002 总营收；L1-004 退费金额；L1-005 延期金额；L1-006 复学金额,营期整体数据,原Sheet下方横向身份证,有,,确认实际营收是否按现有四项金额口径计算。,,
L1-007,L1,原始字段,后台有效人数原始明细记录,新增原始字段,用于形成“后台有效人数”的逐条原始事实或明细记录；本身不做汇总和公式计算。,从来源汇总：后台_学员原始名单共1103条，与T4完全一致。所指向的原始来源逐条拉取或登记。,原始明细拉取/登记,无,营期整体数据,由L2-005的上游来源抽取,有,,,,确认名单导出截点。
L2-005,L2,汇总/一次派生指标,后台有效人数,M-018,后台名单中被认定为本营期有效的学员人数。,来源汇总：后台_学员原始名单共1103条，与T4完全一致。,原始汇总,L1-007 后台有效人数原始明细记录,营期整体数据,原Sheet下方横向身份证,有,,需确认‘后台有效’是否等于原始名单全部记录。,,确认名单导出截点。
L1-008,L1,原始指标,老学员人数,M-019,本营期有效学员中的老学员人数。,手动输入,手动输入,无,营期整体数据,原Sheet下方横向身份证,有,确认能否从学员名单自动识别老学员并汇总。,确认“老学员”的识别标准。,,
L1-009,L1,原始指标,可抹除/折算人数,M-020,按当前规则可从配额分母中抹除或折算的学员人数。,手动输入,手动输入,无,营期整体数据,原Sheet下方横向身份证,有,确认能否从学员名单按抹除/折算规则自动汇总。,确认可抹除与折算的适用条件及折算方式。,,确认601期为空是未采集、无数据还是不适用。
L1-010,L1,原始指标,非班级配额,M-021,不归属具体班级、需从班级配额中扣除的配额人数。,手动输入,手动输入,无,营期整体数据,原Sheet下方横向身份证,有,确认能否从班级分配表自动汇总非班级配额。,确认“非班级配额”的业务范围。,,
L1-011,L1,原始字段,班级配额原始记录,新增原始字段,用于形成“班级总配额”的逐条原始事实或明细记录；本身不做汇总和公式计算。,从来源汇总：后台_班级教练原始14班配额合计1022，与X4完全一致。所指向的原始来源逐条拉取或登记。,原始明细拉取/登记,无,营期整体数据；直播数据,由L2-006的上游来源抽取,无,,,,
L2-006,L2,汇总/一次派生指标,班级总配额,M-022,后台有效人数扣除老学员、可抹除/折算人数和非班级配额后的班级配额。,来源汇总：后台_班级教练原始14班配额合计1022，与X4完全一致。,原始汇总,L1-011 班级配额原始记录,营期整体数据；直播数据,原Sheet下方横向身份证,无,,,,
L2-007,L2,汇总/一次派生指标,内部总配额,M-007,后台有效人数扣除老学员和可抹除/折算人数后的内部配额。,后台有效人数 - 老学员人数 - 可抹除/折算人数（T4 - U4 - V4）,公式计算,L2-005 后台有效人数；L1-008 老学员人数；L1-009 可抹除/折算人数,营期整体数据,原Sheet下方横向身份证,有,,确认内部总配额是否作为进阶、LTV与CAC的统一分母。,,
L1-012,L1,原始指标,好友率,M-023,已添加教练好友的学员占应统计学员的比例。,手动输入,手动输入,无,营期整体数据,原Sheet下方横向身份证,有,确认能否从教练端好友数据自动统计，替代人工申报。,确认“已加好友”的有效判定标准。,,确认统计分母与D1最终确认时间。
L1-013,L1,原始指标,开口率,M-024,在群内产生有效发言的学员占应统计学员的比例。,手动输入,手动输入,无,营期整体数据,原Sheet下方横向身份证,有,确认能否从群消息明细自动统计，替代人工申报。,确认“开口”的有效发言标准。,,确认统计分母、有效发言窗口与截止时间。
L1-014,L1,原始指标,进群率,M-025,已进入训练营群的学员占应统计学员的比例。,手动输入,手动输入,无,营期整体数据,原Sheet下方横向身份证,有,确认能否从群成员明细自动统计，替代人工申报。,确认“进群”的有效判定标准。,,确认统计分母与进群截止时间。
L2-008,L2,汇总/一次派生指标,满分人数,M-026,三个学员分组的满分人数合计。,家学学员满分人数 + 焦妈未进阶学员满分人数 + 全新学员满分人数（BG4 + BW4 + CM4）,公式计算,L1-024 家学学员满分人数；L1-031 焦妈未进阶学员满分人数；L1-038 全新学员满分人数,营期整体数据,原Sheet下方横向身份证,有,,确认“满分”的达成标准。,,
L3-008,L3,复合业务指标,满分率,M-027,满分人数占班级总配额的比例。,满分人数 ÷ 班级总配额（AC4 ÷ X4）,公式计算,L2-008 满分人数；L2-006 班级总配额,营期整体数据,原Sheet下方横向身份证,无,,,,
L1-015,L1,原始指标,1980人数,M-028,购买1980元进阶产品的学员人数。,手动输入,手动输入,无,营期整体数据,原Sheet下方横向身份证,有,确认能否从成交订单按1980元产品档位自动汇总。,确认人数按下单、付订金还是完成补款统计。,,
L1-016,L1,原始指标,2980人数,M-029,购买2980元进阶产品的学员人数。,手动输入,手动输入,无,营期整体数据,原Sheet下方横向身份证,有,确认能否从成交订单按2980元产品档位自动汇总。,确认人数按下单、付订金还是完成补款统计。,,
L1-017,L1,原始指标,3980人数,M-030,购买3980元进阶产品的学员人数。,手动输入,手动输入,无,营期整体数据,原Sheet下方横向身份证,有,确认能否从成交订单按3980元产品档位自动汇总。,确认人数按下单、付订金还是完成补款统计。,,
L2-009,L2,汇总/一次派生指标,非本期学员进阶人数,M-031,总进阶人数扣除三个本期学员分组进阶人数后的差额人数。,总进阶人数 - 家学学员进阶人数 - 焦妈未进阶学员进阶人数 - 全新学员进阶人数（AI4 - AW4 - BM4 - CC4）,公式计算,L2-010 总进阶人数；L1-019 家学学员进阶人数；L1-026 焦妈未进阶学员进阶人数；L1-033 全新学员进阶人数,营期整体数据,原Sheet下方横向身份证,有,,确认“非本期学员”的归属规则。,,
L2-010,L2,汇总/一次派生指标,总进阶人数,M-032,1980、2980和3980三个进阶产品档位人数合计。,1980人数 + 2980人数 + 3980人数（AE4 + AF4 + AG4）,公式计算,L1-015 1980人数；L1-016 2980人数；L1-017 3980人数,营期整体数据,原Sheet下方横向身份证,无,,,,
L3-009,L3,复合业务指标,总进阶率,M-033,总进阶人数占内部总配额的比例。,总进阶人数 ÷ 内部总配额（AI4 ÷ Y4）,公式计算,L2-010 总进阶人数；L2-007 内部总配额,营期整体数据,原Sheet下方横向身份证,无,,,,
L2-011,L2,汇总/一次派生指标,测评人数,M-034,三个学员分组的测评人数合计。,家学学员测评人数 + 焦妈未进阶学员测评人数 + 全新学员测评人数（AY4 + BO4 + CE4）,公式计算,L1-020 家学学员测评人数；L1-027 焦妈未进阶学员测评人数；L1-034 全新学员测评人数,营期整体数据,原Sheet下方横向身份证,有,,,601期手动输入、602期公式计算，需统一历期录入方式。,
L3-010,L3,复合业务指标,测评率,M-035,测评人数占班级总配额的比例。,测评人数 ÷ 班级总配额（AK4 ÷ X4）,公式计算,L2-011 测评人数；L2-006 班级总配额,营期整体数据,原Sheet下方横向身份证,无,,,,
L2-012,L2,汇总/一次派生指标,测评中进阶人数,M-036,三个学员分组中测评后进阶的人数合计。,家学学员测评中进阶人数 + 焦妈未进阶学员测评中进阶人数 + 全新学员测评中进阶人数（BA4 + BQ4 + CG4）,公式计算,L1-021 家学学员测评中进阶人数；L1-028 焦妈未进阶学员测评中进阶人数；L1-035 全新学员测评中进阶人数,营期整体数据,原Sheet下方横向身份证,有,,,601期手动输入、602期公式计算，需统一历期录入方式。,
L3-011,L3,复合业务指标,测评学员进阶率,M-037,测评中进阶人数占测评人数的比例。,测评中进阶人数 ÷ 测评人数（AM4 ÷ AK4）,公式计算,L2-012 测评中进阶人数；L2-011 测评人数,营期整体数据,原Sheet下方横向身份证,无,,,,
L3-012,L3,复合业务指标,测评进阶占总进阶,M-038,测评中进阶人数占总进阶人数的比例。,测评中进阶人数 ÷ 总进阶人数（AM4 ÷ AI4）,公式计算,L2-012 测评中进阶人数；L2-010 总进阶人数,营期整体数据,原Sheet下方横向身份证,无,,,,
L2-013,L2,汇总/一次派生指标,订金人数,M-039,三个学员分组的订金人数合计。,来源汇总：进阶_订金原始订单88笔已支付，与AP4完全一致。,原始汇总,L1-022 家学学员订金人数；L1-029 焦妈未进阶学员订金人数；L1-036 全新学员订金人数,营期整体数据；直播数据,原Sheet下方横向身份证,有,,,,85/88条分组字段为空，分组订金人数不能由该来源确认。
L3-013,L3,复合业务指标,订金率,M-040,订金人数占班级总配额的比例。,订金人数 ÷ 班级总配额（AP4 ÷ X4）,公式计算,L2-013 订金人数；L2-006 班级总配额,营期整体数据；直播数据,原Sheet下方横向身份证,无,,,,
L2-014,L2,汇总/一次派生指标,补款人数,M-041,三个学员分组的补款人数合计。,家学学员补款人数 + 焦妈未进阶学员补款人数 + 全新学员补款人数（BE4 + BU4 + CK4）,公式计算,L1-023 家学学员补款人数；L1-030 焦妈未进阶学员补款人数；L1-037 全新学员补款人数,营期整体数据；直播数据,原Sheet下方横向身份证,有,,,601期手动输入、602期公式计算，需统一历期录入方式。,
L3-014,L3,复合业务指标,补款率,M-042,补款人数占订金人数的比例。,补款人数 ÷ 订金人数（AR4 ÷ AP4）,公式计算,L2-014 补款人数；L2-013 订金人数,营期整体数据；直播数据,原Sheet下方横向身份证,无,,,,
L3-015,L3,复合业务指标,订金全款占总进阶,M-043,补款人数占总进阶人数的比例。,补款人数 ÷ 总进阶人数（AR4 ÷ AI4）,公式计算,L2-014 补款人数；L2-010 总进阶人数,营期整体数据,原Sheet下方横向身份证,有,,指标名称写“订金全款/总进阶”，当前公式实际为补款人数÷总进阶人数，需统一名称。,,
L1-018,L1,原始字段,家学学员人数原始明细记录,新增原始字段,用于形成“家学学员人数”的逐条原始事实或明细记录；本身不做汇总和公式计算。,从来源汇总：飞书_分组日更原始D1家学学员人数324，与AU4完全一致。所指向的原始来源逐条拉取或登记。,原始明细拉取/登记,无,营期整体数据；直播数据,由L2-015的上游来源抽取,有,,,,确认D1快照是否作为全营期基准人数。
L2-015,L2,汇总/一次派生指标,家学学员人数,M-044,属于“家学学员”分组的学员人数。,来源汇总：飞书_分组日更原始D1家学学员人数324，与AU4完全一致。,原始汇总,L1-018 家学学员人数原始明细记录,营期整体数据；直播数据,原Sheet下方横向身份证,有,,,,确认D1快照是否作为全营期基准人数。
L3-016,L3,复合业务指标,家学学员占比,M-045,“家学学员”人数占班级总配额的比例。,家学学员人数 ÷ 班级总配额（AU4 ÷ X4）,公式计算,L2-015 家学学员人数；L2-006 班级总配额,营期整体数据,原Sheet下方横向身份证,有,,确认“家学学员”的识别规则，以及与其他学员分组是否互斥。,,
L1-019,L1,原始指标,家学学员进阶人数,M-046,“家学学员”中购买进阶产品的学员人数。,手动输入,手动输入,无,营期整体数据,原Sheet下方横向身份证,有,确认能否从学员行为与成交明细按“家学学员”标签自动汇总。,确认“家学学员”的识别规则，以及与其他学员分组是否互斥。,,
L3-017,L3,复合业务指标,家学学员进阶率,M-047,“家学学员”进阶人数占该分组人数的比例。,家学学员进阶人数 ÷ 家学学员人数（AW4 ÷ AU4）,公式计算,L1-019 家学学员进阶人数；L2-015 家学学员人数,营期整体数据,原Sheet下方横向身份证,有,,确认“家学学员”的识别规则，以及与其他学员分组是否互斥。,,
L1-020,L1,原始指标,家学学员测评人数,M-048,“家学学员”中完成测评的学员人数。,手动输入,手动输入,无,营期整体数据,原Sheet下方横向身份证,有,确认能否从学员行为与成交明细按“家学学员”标签自动汇总。,确认“家学学员”的识别规则，以及与其他学员分组是否互斥。,,
L3-018,L3,复合业务指标,家学学员测评率,M-049,“家学学员”测评人数占该分组人数的比例。,家学学员测评人数 ÷ 家学学员人数（AY4 ÷ AU4）,公式计算,L1-020 家学学员测评人数；L2-015 家学学员人数,营期整体数据,原Sheet下方横向身份证,有,,确认“家学学员”的识别规则，以及与其他学员分组是否互斥。,,
L1-021,L1,原始指标,家学学员测评中进阶人数,M-050,“家学学员”中完成测评并进阶的学员人数。,手动输入,手动输入,无,营期整体数据,原Sheet下方横向身份证,有,确认能否从学员行为与成交明细按“家学学员”标签自动汇总。,确认“家学学员”的识别规则，以及与其他学员分组是否互斥。,,
L3-019,L3,复合业务指标,家学学员测评学员进阶率,M-051,“家学学员”测评中进阶人数占该分组测评人数的比例。,家学学员测评中进阶人数 ÷ 家学学员测评人数（BA4 ÷ AY4）,公式计算,L1-021 家学学员测评中进阶人数；L1-020 家学学员测评人数,营期整体数据,原Sheet下方横向身份证,有,,确认“家学学员”的识别规则，以及与其他学员分组是否互斥。,,
L1-022,L1,原始指标,家学学员订金人数,M-052,“家学学员”中支付进阶订金的学员人数。,手动输入,手动输入,无,营期整体数据；直播数据,原Sheet下方横向身份证,有,确认能否从学员行为与成交明细按“家学学员”标签自动汇总。,确认“家学学员”的识别规则，以及与其他学员分组是否互斥。,,确认601期为空是未采集、无数据还是不适用。
L3-020,L3,复合业务指标,家学学员订金率,M-053,“家学学员”订金人数占该分组人数的比例。,家学学员订金人数 ÷ 家学学员人数（BC4 ÷ AU4）,公式计算,L1-022 家学学员订金人数；L2-015 家学学员人数,营期整体数据；直播数据,原Sheet下方横向身份证,有,,确认“家学学员”的识别规则，以及与其他学员分组是否互斥。,,确认601期为空是未采集、无数据还是不适用。
L1-023,L1,原始指标,家学学员补款人数,M-054,“家学学员”中完成进阶补款的学员人数。,手动输入,手动输入,无,营期整体数据,原Sheet下方横向身份证,有,确认能否从学员行为与成交明细按“家学学员”标签自动汇总。,确认“家学学员”的识别规则，以及与其他学员分组是否互斥。,,确认601期为空是未采集、无数据还是不适用。
L3-021,L3,复合业务指标,家学学员补款率,M-055,“家学学员”补款人数占该分组订金人数的比例。,家学学员补款人数 ÷ 家学学员订金人数（BE4 ÷ BC4）,公式计算,L1-023 家学学员补款人数；L1-022 家学学员订金人数,营期整体数据,原Sheet下方横向身份证,有,,确认“家学学员”的识别规则，以及与其他学员分组是否互斥。,,确认601期为空是未采集、无数据还是不适用。
L1-024,L1,原始指标,家学学员满分人数,M-056,“家学学员”中达到满分标准的学员人数。,手动输入,手动输入,无,营期整体数据,原Sheet下方横向身份证,有,确认能否从学员行为与成交明细按“家学学员”标签自动汇总。,确认“家学学员”的识别规则，以及与其他学员分组是否互斥。,,
L3-022,L3,复合业务指标,家学学员满分率,M-057,“家学学员”满分人数占该分组人数的比例。,家学学员满分人数 ÷ 家学学员人数（BG4 ÷ AU4）,公式计算,L1-024 家学学员满分人数；L2-015 家学学员人数,营期整体数据,原Sheet下方横向身份证,有,,确认“家学学员”的识别规则，以及与其他学员分组是否互斥。,,
L2-016,L2,汇总/一次派生指标,家学学员营收,M-058,“家学学员”学员产生的营收合计。,当前未录入，未设置公式,待确认,无,营期整体数据,原Sheet下方横向身份证,有,确认能否从订单明细按“家学学员”标签自动汇总。,确认“家学学员”的识别规则，以及与其他学员分组是否互斥。,当前未录入，也未设置汇总公式。,
L3-023,L3,复合业务指标,家学学员LTV,M-059,“家学学员”平均每名学员对应的营收。,当前未录入，未设置公式,待确认,无,营期整体数据,原Sheet下方横向身份证,有,确认能否从订单明细按“家学学员”标签自动汇总。,确认“家学学员”的识别规则，以及与其他学员分组是否互斥。,当前未设置公式；需确认是否按家学学员营收÷家学学员人数计算。,
L1-025,L1,原始字段,焦妈未进阶学员人数原始明细记录,新增原始字段,用于形成“焦妈未进阶学员人数”的逐条原始事实或明细记录；本身不做汇总和公式计算。,从来源汇总：飞书_分组日更原始D1焦妈未进阶人数231，与BK4完全一致。所指向的原始来源逐条拉取或登记。,原始明细拉取/登记,无,营期整体数据,由L2-017的上游来源抽取,有,,,,确认D1快照是否作为全营期基准人数。
L2-017,L2,汇总/一次派生指标,焦妈未进阶学员人数,M-060,属于“焦妈未进阶学员”分组的学员人数。,来源汇总：飞书_分组日更原始D1焦妈未进阶人数231，与BK4完全一致。,原始汇总,L1-025 焦妈未进阶学员人数原始明细记录,营期整体数据,原Sheet下方横向身份证,有,,,,确认D1快照是否作为全营期基准人数。
L3-024,L3,复合业务指标,焦妈未进阶学员占比,M-061,“焦妈未进阶学员”人数占班级总配额的比例。,焦妈未进阶学员人数 ÷ 班级总配额（BK4 ÷ X4）,公式计算,L2-017 焦妈未进阶学员人数；L2-006 班级总配额,营期整体数据,原Sheet下方横向身份证,有,,确认“焦妈未进阶学员”的识别规则，以及与其他学员分组是否互斥。,,
L1-026,L1,原始指标,焦妈未进阶学员进阶人数,M-062,“焦妈未进阶学员”中购买进阶产品的学员人数。,手动输入,手动输入,无,营期整体数据,原Sheet下方横向身份证,有,确认能否从学员行为与成交明细按“焦妈未进阶学员”标签自动汇总。,确认“焦妈未进阶学员”的识别规则，以及与其他学员分组是否互斥。,,
L3-025,L3,复合业务指标,焦妈未进阶学员进阶率,M-063,“焦妈未进阶学员”进阶人数占该分组人数的比例。,焦妈未进阶学员进阶人数 ÷ 焦妈未进阶学员人数（BM4 ÷ BK4）,公式计算,L1-026 焦妈未进阶学员进阶人数；L2-017 焦妈未进阶学员人数,营期整体数据,原Sheet下方横向身份证,有,,确认“焦妈未进阶学员”的识别规则，以及与其他学员分组是否互斥。,,
L1-027,L1,原始指标,焦妈未进阶学员测评人数,M-064,“焦妈未进阶学员”中完成测评的学员人数。,手动输入,手动输入,无,营期整体数据,原Sheet下方横向身份证,有,确认能否从学员行为与成交明细按“焦妈未进阶学员”标签自动汇总。,确认“焦妈未进阶学员”的识别规则，以及与其他学员分组是否互斥。,,确认601期为空是未采集、无数据还是不适用。
L3-026,L3,复合业务指标,焦妈未进阶学员测评率,M-065,“焦妈未进阶学员”测评人数占该分组人数的比例。,焦妈未进阶学员测评人数 ÷ 焦妈未进阶学员人数（BO4 ÷ BK4）,公式计算,L1-027 焦妈未进阶学员测评人数；L2-017 焦妈未进阶学员人数,营期整体数据,原Sheet下方横向身份证,有,,确认“焦妈未进阶学员”的识别规则，以及与其他学员分组是否互斥。,,确认601期为空是未采集、无数据还是不适用。
L1-028,L1,原始指标,焦妈未进阶学员测评中进阶人数,M-066,“焦妈未进阶学员”中完成测评并进阶的学员人数。,手动输入,手动输入,无,营期整体数据,原Sheet下方横向身份证,有,确认能否从学员行为与成交明细按“焦妈未进阶学员”标签自动汇总。,确认“焦妈未进阶学员”的识别规则，以及与其他学员分组是否互斥。,,确认601期为空是未采集、无数据还是不适用。
L3-027,L3,复合业务指标,焦妈未进阶学员测评学员进阶率,M-067,“焦妈未进阶学员”测评中进阶人数占该分组测评人数的比例。,焦妈未进阶学员测评中进阶人数 ÷ 焦妈未进阶学员测评人数（BQ4 ÷ BO4）,公式计算,L1-028 焦妈未进阶学员测评中进阶人数；L1-027 焦妈未进阶学员测评人数,营期整体数据,原Sheet下方横向身份证,有,,确认“焦妈未进阶学员”的识别规则，以及与其他学员分组是否互斥。,,确认601期为空是未采集、无数据还是不适用。
L1-029,L1,原始指标,焦妈未进阶学员订金人数,M-068,“焦妈未进阶学员”中支付进阶订金的学员人数。,手动输入,手动输入,无,营期整体数据,原Sheet下方横向身份证,有,确认能否从学员行为与成交明细按“焦妈未进阶学员”标签自动汇总。,确认“焦妈未进阶学员”的识别规则，以及与其他学员分组是否互斥。,,确认601期为空是未采集、无数据还是不适用。
L3-028,L3,复合业务指标,焦妈未进阶学员订金率,M-069,“焦妈未进阶学员”订金人数占该分组人数的比例。,焦妈未进阶学员订金人数 ÷ 焦妈未进阶学员人数（BS4 ÷ BK4）,公式计算,L1-029 焦妈未进阶学员订金人数；L2-017 焦妈未进阶学员人数,营期整体数据,原Sheet下方横向身份证,有,,确认“焦妈未进阶学员”的识别规则，以及与其他学员分组是否互斥。,,确认601期为空是未采集、无数据还是不适用。
L1-030,L1,原始指标,焦妈未进阶学员补款人数,M-070,“焦妈未进阶学员”中完成进阶补款的学员人数。,手动输入,手动输入,无,营期整体数据,原Sheet下方横向身份证,有,确认能否从学员行为与成交明细按“焦妈未进阶学员”标签自动汇总。,确认“焦妈未进阶学员”的识别规则，以及与其他学员分组是否互斥。,,确认601期为空是未采集、无数据还是不适用。
L3-029,L3,复合业务指标,焦妈未进阶学员补款率,M-071,“焦妈未进阶学员”补款人数占该分组订金人数的比例。,焦妈未进阶学员补款人数 ÷ 焦妈未进阶学员订金人数（BU4 ÷ BS4）,公式计算,L1-030 焦妈未进阶学员补款人数；L1-029 焦妈未进阶学员订金人数,营期整体数据,原Sheet下方横向身份证,有,,确认“焦妈未进阶学员”的识别规则，以及与其他学员分组是否互斥。,,确认601期为空是未采集、无数据还是不适用。
L1-031,L1,原始指标,焦妈未进阶学员满分人数,M-072,“焦妈未进阶学员”中达到满分标准的学员人数。,手动输入,手动输入,无,营期整体数据,原Sheet下方横向身份证,有,确认能否从学员行为与成交明细按“焦妈未进阶学员”标签自动汇总。,确认“焦妈未进阶学员”的识别规则，以及与其他学员分组是否互斥。,,
L3-030,L3,复合业务指标,焦妈未进阶学员满分率,M-073,“焦妈未进阶学员”满分人数占该分组人数的比例。,焦妈未进阶学员满分人数 ÷ 焦妈未进阶学员人数（BW4 ÷ BK4）,公式计算,L1-031 焦妈未进阶学员满分人数；L2-017 焦妈未进阶学员人数,营期整体数据,原Sheet下方横向身份证,有,,确认“焦妈未进阶学员”的识别规则，以及与其他学员分组是否互斥。,,
L2-018,L2,汇总/一次派生指标,焦妈未进阶学员营收,M-074,“焦妈未进阶学员”学员产生的营收合计。,当前未录入，未设置公式,待确认,无,营期整体数据,原Sheet下方横向身份证,有,确认能否从订单明细按“焦妈未进阶学员”标签自动汇总。,确认“焦妈未进阶学员”的识别规则，以及与其他学员分组是否互斥。,当前未录入，也未设置汇总公式。,
L3-031,L3,复合业务指标,焦妈未进阶学员LTV,M-075,“焦妈未进阶学员”平均每名学员对应的营收。,当前未录入，未设置公式,待确认,无,营期整体数据,原Sheet下方横向身份证,有,确认能否从订单明细按“焦妈未进阶学员”标签自动汇总。,确认“焦妈未进阶学员”的识别规则，以及与其他学员分组是否互斥。,当前未设置公式；需确认是否按焦妈未进阶学员营收÷该分组人数计算。,
L1-032,L1,原始字段,全新学员人数原始明细记录,新增原始字段,用于形成“全新学员人数”的逐条原始事实或明细记录；本身不做汇总和公式计算。,从来源汇总：飞书_分组日更原始D1全新学员人数467，与CA4完全一致。所指向的原始来源逐条拉取或登记。,原始明细拉取/登记,无,营期整体数据,由L2-019的上游来源抽取,有,,,,确认D1快照是否作为全营期基准人数。
L2-019,L2,汇总/一次派生指标,全新学员人数,M-076,属于“全新学员”分组的学员人数。,来源汇总：飞书_分组日更原始D1全新学员人数467，与CA4完全一致。,原始汇总,L1-032 全新学员人数原始明细记录,营期整体数据,原Sheet下方横向身份证,有,,,,确认D1快照是否作为全营期基准人数。
L3-032,L3,复合业务指标,全新学员占比,M-077,“全新学员”人数占班级总配额的比例。,全新学员人数 ÷ 班级总配额（CA4 ÷ X4）,公式计算,L2-019 全新学员人数；L2-006 班级总配额,营期整体数据,原Sheet下方横向身份证,有,,确认“全新学员”的识别规则，以及与其他学员分组是否互斥。,,
L1-033,L1,原始指标,全新学员进阶人数,M-078,“全新学员”中购买进阶产品的学员人数。,手动输入,手动输入,无,营期整体数据,原Sheet下方横向身份证,有,确认能否从学员行为与成交明细按“全新学员”标签自动汇总。,确认“全新学员”的识别规则，以及与其他学员分组是否互斥。,,
L3-033,L3,复合业务指标,全新学员进阶率,M-079,“全新学员”进阶人数占该分组人数的比例。,全新学员进阶人数 ÷ 全新学员人数（CC4 ÷ CA4）,公式计算,L1-033 全新学员进阶人数；L2-019 全新学员人数,营期整体数据,原Sheet下方横向身份证,有,,确认“全新学员”的识别规则，以及与其他学员分组是否互斥。,,
L1-034,L1,原始指标,全新学员测评人数,M-080,“全新学员”中完成测评的学员人数。,手动输入,手动输入,无,营期整体数据,原Sheet下方横向身份证,有,确认能否从学员行为与成交明细按“全新学员”标签自动汇总。,确认“全新学员”的识别规则，以及与其他学员分组是否互斥。,,确认601期为空是未采集、无数据还是不适用。
L3-034,L3,复合业务指标,全新学员测评率,M-081,“全新学员”测评人数占该分组人数的比例。,全新学员测评人数 ÷ 全新学员人数（CE4 ÷ CA4）,公式计算,L1-034 全新学员测评人数；L2-019 全新学员人数,营期整体数据,原Sheet下方横向身份证,有,,确认“全新学员”的识别规则，以及与其他学员分组是否互斥。,,确认601期为空是未采集、无数据还是不适用。
L1-035,L1,原始指标,全新学员测评中进阶人数,M-082,“全新学员”中完成测评并进阶的学员人数。,手动输入,手动输入,无,营期整体数据,原Sheet下方横向身份证,有,确认能否从学员行为与成交明细按“全新学员”标签自动汇总。,确认“全新学员”的识别规则，以及与其他学员分组是否互斥。,,确认601期为空是未采集、无数据还是不适用。
L3-035,L3,复合业务指标,全新学员测评学员进阶率,M-083,“全新学员”测评中进阶人数占该分组测评人数的比例。,全新学员测评中进阶人数 ÷ 全新学员测评人数（CG4 ÷ CE4）,公式计算,L1-035 全新学员测评中进阶人数；L1-034 全新学员测评人数,营期整体数据,原Sheet下方横向身份证,有,,确认“全新学员”的识别规则，以及与其他学员分组是否互斥。,,确认601期为空是未采集、无数据还是不适用。
L1-036,L1,原始指标,全新学员订金人数,M-084,“全新学员”中支付进阶订金的学员人数。,手动输入,手动输入,无,营期整体数据,原Sheet下方横向身份证,有,确认能否从学员行为与成交明细按“全新学员”标签自动汇总。,确认“全新学员”的识别规则，以及与其他学员分组是否互斥。,,确认601期为空是未采集、无数据还是不适用。
L3-036,L3,复合业务指标,全新学员订金率,M-085,“全新学员”订金人数占该分组人数的比例。,全新学员订金人数 ÷ 全新学员人数（CI4 ÷ CA4）,公式计算,L1-036 全新学员订金人数；L2-019 全新学员人数,营期整体数据,原Sheet下方横向身份证,有,,确认“全新学员”的识别规则，以及与其他学员分组是否互斥。,,确认601期为空是未采集、无数据还是不适用。
L1-037,L1,原始指标,全新学员补款人数,M-086,“全新学员”中完成进阶补款的学员人数。,手动输入,手动输入,无,营期整体数据,原Sheet下方横向身份证,有,确认能否从学员行为与成交明细按“全新学员”标签自动汇总。,确认“全新学员”的识别规则，以及与其他学员分组是否互斥。,,确认601期为空是未采集、无数据还是不适用。
L3-037,L3,复合业务指标,全新学员补款率,M-087,“全新学员”补款人数占该分组订金人数的比例。,全新学员补款人数 ÷ 全新学员订金人数（CK4 ÷ CI4）,公式计算,L1-037 全新学员补款人数；L1-036 全新学员订金人数,营期整体数据,原Sheet下方横向身份证,有,,确认“全新学员”的识别规则，以及与其他学员分组是否互斥。,,确认601期为空是未采集、无数据还是不适用。
L1-038,L1,原始指标,全新学员满分人数,M-088,“全新学员”中达到满分标准的学员人数。,手动输入,手动输入,无,营期整体数据,原Sheet下方横向身份证,有,确认能否从学员行为与成交明细按“全新学员”标签自动汇总。,确认“全新学员”的识别规则，以及与其他学员分组是否互斥。,,
L1-039,L1,原始指标,入营调查应填人数,M-089,本营期应填写入营调查的学员人数。,当前表D4手动录入1092。,手动输入,无,目标学员率,原Sheet下方横向身份证,有,602期_六表原始数据汇总_V1.xlsx未找到1092的直接汇总行。,需确认应填人群是否排除老学员、非班级配额或无效学员。,,需确认截点。
L1-040,L1,原始字段,入营调查提交原始记录,新增原始字段,用于形成“入营调查填写人数”的逐条原始事实或明细记录；本身不做汇总和公式计算。,从602期_六表原始数据汇总_V1.xlsx/飞书_开营前原始计数：921，与E4完全一致。所指向的原始来源逐条拉取或登记。,原始明细拉取/登记,无,目标学员率,由L2-020的上游来源抽取,无,,,,
L2-020,L2,汇总/一次派生指标,入营调查填写人数,M-090,已提交入营调查的学员人数。,602期_六表原始数据汇总_V1.xlsx/飞书_开营前原始计数：921，与E4完全一致。,原始汇总,L1-040 入营调查提交原始记录,目标学员率,原Sheet下方横向身份证,无,,,,
L3-038,L3,复合业务指标,入营调查填写率,M-091,入营调查填写人数占应填人数的比例。,填写人数 ÷ 应填人数（E4 ÷ D4）。,公式计算,L2-020 入营调查填写人数；L1-039 入营调查应填人数,目标学员率,原Sheet下方横向身份证,无,,,,
L1-041,L1,原始字段,学员年龄信息原始记录,新增原始字段,用于形成“年龄可判断人数”的逐条原始事实或明细记录；本身不做汇总和公式计算。,从602期_六表原始数据汇总_V1.xlsx/飞书_开营前原始计数：919，与G4完全一致。所指向的原始来源逐条拉取或登记。,原始明细拉取/登记,无,目标学员率,由L2-021的上游来源抽取,无,,,,
L2-021,L2,汇总/一次派生指标,年龄可判断人数,M-092,已填写调查且孩子年龄信息可判断的学员人数。,602期_六表原始数据汇总_V1.xlsx/飞书_开营前原始计数：919，与G4完全一致。,原始汇总,L1-041 学员年龄信息原始记录,目标学员率,原Sheet下方横向身份证,无,,,,
L3-039,L3,复合业务指标,年龄判断率,M-093,年龄可判断人数占调查填写人数的比例。,年龄可判断人数 ÷ 调查填写人数（G4 ÷ E4）。,公式计算,L2-021 年龄可判断人数；L2-020 入营调查填写人数,目标学员率,原Sheet下方横向身份证,无,,,,
L1-042,L1,原始字段,学员目标年龄段判断原始记录,新增原始字段,用于形成“目标年龄段人数”的逐条原始事实或明细记录；本身不做汇总和公式计算。,从602期_六表原始数据汇总_V1.xlsx/飞书_开营前原始计数：732；等于K4+O4。所指向的原始来源逐条拉取或登记。,原始明细拉取/登记,无,目标学员率,由L2-022的上游来源抽取,有,,,,
L2-022,L2,汇总/一次派生指标,目标年龄段人数,M-094,孩子出生年份位于当前目标年龄段的学员人数。,602期_六表原始数据汇总_V1.xlsx/飞书_开营前原始计数：732；等于K4+O4。,原始汇总,L1-042 学员目标年龄段判断原始记录,目标学员率,原Sheet下方横向身份证,有,,目标年龄段当前按2009-2017年，需确认跨营期是否固定。,,
L3-040,L3,复合业务指标,目标年龄段占比,M-095,目标年龄段人数占年龄可判断人数的比例。,目标年龄段人数 ÷ 年龄可判断人数（I4 ÷ G4）。,公式计算,L2-022 目标年龄段人数；L2-021 年龄可判断人数,目标学员率,原Sheet下方横向身份证,无,,,,
L1-043,L1,原始字段,家学与目标年龄段标签原始记录,新增原始字段,用于形成“家学目标年龄段人数”的逐条原始事实或明细记录；本身不做汇总和公式计算。,从602期_六表原始数据汇总_V1.xlsx/飞书_开营前原始计数：275，与K4完全一致。所指向的原始来源逐条拉取或登记。,原始明细拉取/登记,无,目标学员率,由L2-023的上游来源抽取,无,,,,
L2-023,L2,汇总/一次派生指标,家学目标年龄段人数,M-096,家学学员中孩子处于目标年龄段的人数。,602期_六表原始数据汇总_V1.xlsx/飞书_开营前原始计数：275，与K4完全一致。,原始汇总,L1-043 家学与目标年龄段标签原始记录,目标学员率,原Sheet下方横向身份证,无,,,,
L3-041,L3,复合业务指标,家学目标年龄段占比,M-097,家学目标年龄段人数占年龄可判断人数的比例。,K4 ÷ G4。,公式计算,L2-023 家学目标年龄段人数；L2-021 年龄可判断人数,目标学员率,原Sheet下方横向身份证,有,,当前分母是全部年龄可判断人数，不是家学人数；名称容易被理解为家学内部占比。,,
L1-044,L1,原始字段,家学与非目标年龄段标签原始记录,新增原始字段,用于形成“家学非目标年龄段人数”的逐条原始事实或明细记录；本身不做汇总和公式计算。,从602期_六表原始数据汇总_V1.xlsx/飞书_开营前原始计数：65，与M4完全一致。所指向的原始来源逐条拉取或登记。,原始明细拉取/登记,无,目标学员率,由L2-024的上游来源抽取,无,,,,
L2-024,L2,汇总/一次派生指标,家学非目标年龄段人数,M-098,家学学员中孩子不处于目标年龄段的人数。,602期_六表原始数据汇总_V1.xlsx/飞书_开营前原始计数：65，与M4完全一致。,原始汇总,L1-044 家学与非目标年龄段标签原始记录,目标学员率,原Sheet下方横向身份证,无,,,,
L3-042,L3,复合业务指标,家学非目标年龄段占比,M-099,家学非目标年龄段人数占年龄可判断人数的比例。,M4 ÷ G4。,公式计算,L2-024 家学非目标年龄段人数；L2-021 年龄可判断人数,目标学员率,原Sheet下方横向身份证,有,,当前分母是全部年龄可判断人数，不是家学人数。,,
L1-045,L1,原始字段,非家学与目标年龄段标签原始记录,新增原始字段,用于形成“非家学目标年龄段人数”的逐条原始事实或明细记录；本身不做汇总和公式计算。,从602期_六表原始数据汇总_V1.xlsx/飞书_开营前原始计数：457，与O4完全一致。所指向的原始来源逐条拉取或登记。,原始明细拉取/登记,无,目标学员率,由L2-025的上游来源抽取,无,,,,
L2-025,L2,汇总/一次派生指标,非家学目标年龄段人数,M-100,非家学学员中孩子处于目标年龄段的人数。,602期_六表原始数据汇总_V1.xlsx/飞书_开营前原始计数：457，与O4完全一致。,原始汇总,L1-045 非家学与目标年龄段标签原始记录,目标学员率,原Sheet下方横向身份证,无,,,,
L3-043,L3,复合业务指标,非家学目标年龄段占比,M-101,非家学目标年龄段人数占年龄可判断人数的比例。,O4 ÷ G4。,公式计算,L2-025 非家学目标年龄段人数；L2-021 年龄可判断人数,目标学员率,原Sheet下方横向身份证,有,,当前分母是全部年龄可判断人数，不是非家学人数。,,
L1-046,L1,原始字段,非家学与非目标年龄段标签原始记录,新增原始字段,用于形成“非家学非目标年龄段人数”的逐条原始事实或明细记录；本身不做汇总和公式计算。,从602期_六表原始数据汇总_V1.xlsx/飞书_开营前原始计数：122，与Q4完全一致。所指向的原始来源逐条拉取或登记。,原始明细拉取/登记,无,目标学员率,由L2-026的上游来源抽取,无,,,,
L2-026,L2,汇总/一次派生指标,非家学非目标年龄段人数,M-102,非家学学员中孩子不处于目标年龄段的人数。,602期_六表原始数据汇总_V1.xlsx/飞书_开营前原始计数：122，与Q4完全一致。,原始汇总,L1-046 非家学与非目标年龄段标签原始记录,目标学员率,原Sheet下方横向身份证,无,,,,
L3-044,L3,复合业务指标,非家学非目标年龄段占比,M-103,非家学非目标年龄段人数占年龄可判断人数的比例。,Q4 ÷ G4。,公式计算,L2-026 非家学非目标年龄段人数；L2-021 年龄可判断人数,目标学员率,原Sheet下方横向身份证,有,,当前分母是全部年龄可判断人数，不是非家学人数。,,
L3-045,L3,复合业务指标,产品适配人群占比,M-104,按产品适配类别统计的人群占比；类别为分析维度。,S4:W4引用上游年龄/家学组合占比。,公式引用,L3-041 家学目标年龄段占比；L3-042 家学非目标年龄段占比；L3-043 非家学目标年龄段占比；L3-044 非家学非目标年龄段占比,目标学员率,原Sheet下方横向身份证,有,,‘只能/可/啥都不行’需改为正式产品适配分类并明确规则。,,
L1-047,L1,原始字段,每日带班学员配额原始记录,新增原始字段,用于形成“当日带班学员配额”的逐条原始事实或明细记录；本身不做汇总和公式计算。,从602期_六表原始数据汇总_V1.xlsx/飞书_主课目标原始，D1-D10为1022或1021。所指向的原始来源逐条拉取或登记。,原始明细拉取/登记,无,主课和每日一问,由L2-027的上游来源抽取,有,,,,配额在D1后由1022变为1021，需记录变动原因与生效日。
L2-027,L2,汇总/一次派生指标,当日带班学员配额,M-105,某D日纳入学习统计的带班学员人数。,602期_六表原始数据汇总_V1.xlsx/飞书_主课目标原始，D1-D10为1022或1021。,原始汇总,L1-047 每日带班学员配额原始记录,主课和每日一问,原Sheet下方横向身份证,有,,,,配额在D1后由1022变为1021，需记录变动原因与生效日。
L1-048,L1,原始指标,主课观看率目标,M-106,某D日主课观看完成率目标。,602期_六表原始数据汇总_V1.xlsx/飞书_主课目标原始[观看率目标]。,参数输入,无,主课和每日一问,原Sheet下方横向身份证,无,,,,
L1-049,L1,原始字段,主课观看完成原始记录,新增原始字段,用于形成“主课观看人数”的逐条原始事实或明细记录；本身不做汇总和公式计算。,从602期_六表原始数据汇总_V1.xlsx/飞书_主课目标原始[主课观看人数]，与表内602期各D日人数一致。所指向的原始来源逐条拉取或登记。,原始明细拉取/登记,无,主课和每日一问,由L2-028的上游来源抽取,无,,,,
L2-028,L2,汇总/一次派生指标,主课观看人数,M-107,某D日完成主课观看的学员人数。,602期_六表原始数据汇总_V1.xlsx/飞书_主课目标原始[主课观看人数]，与表内602期各D日人数一致。,原始汇总,L1-049 主课观看完成原始记录,主课和每日一问,原Sheet下方横向身份证,无,,,,
L3-046,L3,复合业务指标,主课观看完成率,M-108,主课观看人数占当日带班学员配额的比例。,主课观看人数 ÷ 当日带班学员配额。,公式计算,L2-028 主课观看人数；L2-027 当日带班学员配额,主课和每日一问,原Sheet下方横向身份证,无,,,,
L3-047,L3,复合业务指标,主课观看目标达成率,M-109,实际主课观看完成率相对于目标的达成程度。,主课观看完成率 ÷ 主课观看率目标。,公式计算,L3-046 主课观看完成率；L1-048 主课观看率目标,主课和每日一问,原Sheet下方横向身份证,无,,,,
L3-048,L3,复合业务指标,主课观看同比,M-110,本期同D日主课观看完成率相对上一期的变化率。,（本期完成率-上期完成率）÷上期完成率。,公式计算,L3-046 主课观看完成率,主课和每日一问,原Sheet下方横向身份证,有,,,,需确保两期D日、配额和截点可比。
L1-050,L1,原始指标,必修作业完成率目标,M-111,某D日必修作业完成率目标。,602期_六表原始数据汇总_V1.xlsx/飞书_主课目标原始[作业目标]。,参数输入,无,主课和每日一问,原Sheet下方横向身份证,无,,,,
L1-051,L1,原始字段,必修作业完成原始记录,新增原始字段,用于形成“必修作业完成人数”的逐条原始事实或明细记录；本身不做汇总和公式计算。,从602期_六表原始数据汇总_V1.xlsx/飞书_渠道日更原始按D日汇总[必修作业完成数]。所指向的原始来源逐条拉取或登记。,原始明细拉取/登记,无,主课和每日一问,由L2-029的上游来源抽取,有,当前主表D1-D6未展示完成人数，虽有原始值但页面列位不完整。,,,
L2-029,L2,汇总/一次派生指标,必修作业完成人数,M-112,某D日完成必修作业的学员人数。,602期_六表原始数据汇总_V1.xlsx/飞书_渠道日更原始按D日汇总[必修作业完成数]。,原始汇总,L1-051 必修作业完成原始记录,主课和每日一问,原Sheet下方横向身份证,有,当前主表D1-D6未展示完成人数，虽有原始值但页面列位不完整。,,,
L3-049,L3,复合业务指标,必修作业完成率,M-113,必修作业完成人数占当日带班学员配额的比例。,必修作业完成人数 ÷ 当日带班学员配额。,公式计算,L2-029 必修作业完成人数；L2-027 当日带班学员配额,主课和每日一问,原Sheet下方横向身份证,无,,,,
L3-050,L3,复合业务指标,必修作业目标达成率,M-114,实际必修作业完成率相对于目标的达成程度。,必修作业完成率 ÷ 必修作业完成率目标。,公式计算,L3-049 必修作业完成率；L1-050 必修作业完成率目标,主课和每日一问,原Sheet下方横向身份证,有,当前主表多日未设置该列或留空。,,,
L3-051,L3,复合业务指标,必修作业同比,M-115,本期同D日必修作业完成率相对上一期的变化率。,（本期完成率-上期完成率）÷上期完成率。,公式计算,L3-049 必修作业完成率,主课和每日一问,原Sheet下方横向身份证,有,当前主表D1-D6缺少完整同比列。,,,需确保两期D日、配额和截点可比。
L1-052,L1,原始指标,每日一问完成率目标,M-116,某D日每日一问完成率目标。,当前表按D日手动维护目标。,参数输入,无,主课和每日一问,原Sheet下方横向身份证,有,,目标来源未在原始包中单独固化。,,
L1-053,L1,原始字段,每日一问完成原始记录,新增原始字段,用于形成“每日一问完成人数”的逐条原始事实或明细记录；本身不做汇总和公式计算。,从602期_六表原始数据汇总_V1.xlsx/飞书_渠道日更原始按D日汇总[每日一问完成数]。所指向的原始来源逐条拉取或登记。,原始明细拉取/登记,无,主课和每日一问,由L2-030的上游来源抽取,无,,,,
L2-030,L2,汇总/一次派生指标,每日一问完成人数,M-117,某D日完成每日一问的学员人数。,602期_六表原始数据汇总_V1.xlsx/飞书_渠道日更原始按D日汇总[每日一问完成数]。,原始汇总,L1-053 每日一问完成原始记录,主课和每日一问,原Sheet下方横向身份证,无,,,,
L3-052,L3,复合业务指标,每日一问完成率,M-118,每日一问完成人数占当日带班学员配额的比例。,每日一问完成人数 ÷ 当日带班学员配额；表内部分日期直接录入比例。,原始汇总/公式计算,L2-030 每日一问完成人数；L2-027 当日带班学员配额,主课和每日一问,原Sheet下方横向身份证,有,,,建议统一由人数和配额公式计算，避免比例手填。,
L3-053,L3,复合业务指标,每日一问目标达成率,M-119,实际每日一问完成率相对于目标的达成程度。,每日一问完成率 ÷ 每日一问完成率目标。,公式计算,L3-052 每日一问完成率；L1-052 每日一问完成率目标,主课和每日一问,原Sheet下方横向身份证,有,当前主表后半段多日未设置目标达成率。,,,
L3-054,L3,复合业务指标,每日一问同比,M-120,本期同D日每日一问完成率相对上一期的变化率。,（本期完成率-上期完成率）÷上期完成率。,公式计算,L3-052 每日一问完成率,主课和每日一问,原Sheet下方横向身份证,有,,,,需确保两期D日、配额和截点可比。
L2-031,L2,汇总/一次派生指标,非家学学员人数,M-121,纳入当前直播统计的非家学学员人数。,焦妈未进阶人数 + 全新学员人数。,公式计算,L2-017 焦妈未进阶学员人数；L2-019 全新学员人数,直播数据,原Sheet下方横向身份证,有,,,,需记录直播统计使用哪个D日的人群快照。
L1-054,L1,原始指标,直播到课率目标,M-122,某场直播到课率目标。,按场次手动维护。,参数输入,无,直播数据,原Sheet下方横向身份证,无,,,,
L3-055,L3,复合业务指标,直播实际到课率,M-123,某场直播达到到课标准的人数占班级总配额的比例。,当前表手动录入比例；原始包含三场直播逐学员观看明细。,原始汇总,L2-006 班级总配额,直播数据,原Sheet下方横向身份证,有,,到课标准所需观看时长阈值未定义。,需用原始观看明细按统一阈值复算。,
L3-056,L3,复合业务指标,直播到课率同比,M-124,本期某场直播到课率相对上一期同场次的变化率。,（本期到课率-上期到课率）÷上期到课率。,公式计算,L3-055 直播实际到课率,直播数据,原Sheet下方横向身份证,有,,,,需确保场次内容、时长阈值和截点可比。
L3-057,L3,复合业务指标,直播到课目标达成率,M-125,实际到课率相对于到课率目标的达成程度。,实际到课率 ÷ 到课率目标。,公式计算,L3-055 直播实际到课率；L1-054 直播到课率目标,直播数据,原Sheet下方横向身份证,无,,,,
L1-055,L1,原始指标,直播完课率目标,M-126,某场直播完课率目标。,按场次手动维护。,参数输入,无,直播数据,原Sheet下方横向身份证,无,,,,
L3-058,L3,复合业务指标,直播实际完课率,M-127,某场直播达到完课标准的人数占班级总配额的比例。,当前表手动录入比例；原始包含直播与回放时长。,原始汇总,L2-006 班级总配额,直播数据,原Sheet下方横向身份证,有,,完课标准及直播/回放是否合并未定义。,需用原始观看明细按统一阈值复算。,
L3-059,L3,复合业务指标,直播完课率同比,M-128,本期某场直播完课率相对上一期同场次的变化率。,（本期完课率-上期完课率）÷上期完课率。,公式计算,L3-058 直播实际完课率,直播数据,原Sheet下方横向身份证,有,,,,需确保场次内容、时长阈值和截点可比。
L3-060,L3,复合业务指标,直播完课目标达成率,M-129,实际完课率相对于完课率目标的达成程度。,实际完课率 ÷ 完课率目标。,公式计算,L3-058 直播实际完课率；L1-055 直播完课率目标,直播数据,原Sheet下方横向身份证,无,,,,
L2-032,L2,汇总/一次派生指标,非家学学员订金人数,M-130,非家学学员中已支付订金的人数。,按场次/累计人工录入。,原始汇总,L2-031 非家学学员人数,直播数据,原Sheet下方横向身份证,有,订金原始订单分组大量缺失，无法完整复算。,,,
L3-061,L3,复合业务指标,非家学学员订金率,M-131,非家学订金人数占非家学学员人数的比例。,非家学订金人数 ÷ 非家学学员人数。,公式计算,L2-032 非家学学员订金人数；L2-031 非家学学员人数,直播数据,原Sheet下方横向身份证,无,,,,
L3-062,L3,复合业务指标,订金人群构成占比,M-132,各学员人群订金人数占本场或累计订金人数的比例；人群为维度。,人群订金人数 ÷ 同范围订金人数。,公式计算,L1-022 家学学员订金人数；L2-032 非家学学员订金人数；L2-013 订金人数,直播数据,原Sheet下方横向身份证,有,,,,需区分当日订金与累计订金。
L1-056,L1,原始指标,直播在线人数,M-133,某场直播某时间点的在线人数。,按营期、场次、时间点手动记录。,原始记录,无,直播数据2,原Sheet下方横向身份证,有,602原始包提供逐学员观看记录，但未提供当前分钟级在线快照来源。,,,
L3-063,L3,复合业务指标,直播在线率,M-134,某时间点直播在线人数占后台有效人数的比例。,直播在线人数 ÷ 后台有效人数（C列/C2或F列/F2）。,公式计算,L1-056 直播在线人数；L2-005 后台有效人数,直播数据2,原Sheet下方横向身份证,有,,需确认分母使用后台有效人数还是班级总配额。,,
L1-057,L1,原始字段,标准单折算量原始明细记录,新增原始字段,用于形成“标准单折算量”的逐条原始事实或明细记录；本身不做汇总和公式计算。,从602期_六表原始数据汇总_V1.xlsx/进阶_订单原始明细+进阶_金额产品规则输入；602期可复算111.91。所指向的原始来源逐条拉取或登记。,原始明细拉取/登记,无,成交节奏；成交节奏（副本）,由L2-033的上游来源抽取,有,6540元支付没有明确折算规则。,,,支付日与业务归属D日未完全一致。
L2-033,L2,汇总/一次派生指标,标准单折算量,M-135,按支付金额对应规则折算的进阶等效单数。,602期_六表原始数据汇总_V1.xlsx/进阶_订单原始明细+进阶_金额产品规则输入；602期可复算111.91。,规则计算,L1-057 标准单折算量原始明细记录,成交节奏；成交节奏（副本）,原Sheet下方横向身份证,有,6540元支付没有明确折算规则。,,,支付日与业务归属D日未完全一致。
L3-064,L3,复合业务指标,标准单节奏占比,M-136,某成交分桶标准单折算量占全营期折算量的比例。,分桶标准单折算量 ÷ 全营期标准单折算量。,公式计算,L2-033 标准单折算量,成交节奏；成交节奏（副本）,原Sheet下方横向身份证,有,,,,‘D4及之前/后续灵活单’的起止边界需固化。
L3-065,L3,复合业务指标,GMV节奏占比,M-137,某成交分桶进阶金额占全营期进阶金额的比例。,分桶进阶金额 ÷ 全营期进阶金额。,公式计算,L2-001 进阶金额,成交节奏；成交节奏（副本）,原Sheet下方横向身份证,无,,,,
L3-066,L3,复合业务指标,进阶LTV贡献,M-138,某成交分桶的进阶金额对全营期进阶LTV的贡献。,分桶进阶金额 ÷ 内部总配额。,公式计算,L2-001 进阶金额；L2-007 内部总配额,成交节奏；成交节奏（副本）,原Sheet下方横向身份证,有,,现表名称写‘累计LTV’，但公式实际是当日/分桶贡献。,,
L1-058,L1,原始指标,目标进阶单数,M-139,经营计划设定的目标进阶标准单数。,计划区手动输入。,参数输入,无,成交节奏,原Sheet下方横向身份证,有,,需明确目标是标准单、订单数还是人数。,,
L1-059,L1,原始指标,目标产品价格,M-140,用于计划测算的目标产品价格。,计划区手动输入。,参数输入,无,成交节奏,原Sheet下方横向身份证,有,,需明确产品组合和含税/退款口径。,,
L3-067,L3,复合业务指标,目标进阶转化率,M-141,目标进阶单数占计划分母人数的比例。,目标进阶单数 ÷ 计划分母人数。,公式计算,L1-058 目标进阶单数,成交节奏,原Sheet下方横向身份证,有,,当前计划分母2980疑似误作人数，需确认。,,
L1-060,L1,原始指标,计划标准单节奏占比,M-142,计划中各成交分桶应贡献的标准单比例。,各D日/分桶手动配置。,参数输入,无,成交节奏,原Sheet下方横向身份证,有,,,各分桶比例应校验合计100%。,
L3-068,L3,复合业务指标,计划当日LTV贡献,M-143,按计划成交节奏计算的某分桶LTV贡献。,计划标准单节奏占比 × 目标进阶单数 × 目标产品价格 ÷ 内部总配额。,公式计算,L1-060 计划标准单节奏占比；L1-058 目标进阶单数；L1-059 目标产品价格；L2-007 内部总配额,成交节奏,原Sheet下方横向身份证,有,,,现表公式硬编码250，未引用目标单元格。,
L3-069,L3,复合业务指标,计划累计LTV,M-144,截至某成交分桶的计划LTV累计值。,累计求和计划当日LTV贡献。,公式计算,L3-068 计划当日LTV贡献,成交节奏,原Sheet下方横向身份证,无,,,,
L3-070,L3,复合业务指标,同期LTV差,M-145,本期某D日/时点进阶LTV与上一期同期值的差额。,本期同期LTV - 上一期同期LTV。,公式计算,L3-001 进阶LTV,实际LTV,原Sheet下方横向身份证,有,,,,需确保D日、时点、截单规则和分母一致。
L1-061,L1,原始指标,预测人数,M-146,按渠道预测进入指定业务环节的人数。,按渠道录入预测值。,预测输入,无,LTV预测,原Sheet下方横向身份证,有,当前Sheet只有表头，无当前值。,需明确人数对应报名、进群、有效学员还是进阶人数。,,
L2-034,L2,汇总/一次派生指标,预测GMV,M-147,按渠道预测的进阶支付金额。,预测人数 × 预测转化率 × 预测客单价，或直接录入。,预测计算/输入,L1-061 预测人数,LTV预测,原Sheet下方横向身份证,有,当前Sheet无公式或当前值。,需明确产品组合、退款和归属口径。,,
L3-071,L3,复合业务指标,预测LTV,M-148,预测GMV除以预测口径人数。,预测GMV ÷ 预测口径人数。,预测计算,L2-034 预测GMV；L1-061 预测人数,LTV预测,原Sheet下方横向身份证,有,,需明确LTV分母人数。,,
L1-062,L1,原始字段,渠道学员归属原始记录,新增原始字段,用于形成“渠道人数”的逐条原始事实或明细记录；本身不做汇总和公式计算。,从按渠道汇总原始学员记录。所指向的原始来源逐条拉取或登记。,原始明细拉取/登记,无,流量数据沉淀,由L2-035的上游来源抽取,有,现表裂变/CPA为470/93，602期_六表原始数据汇总_V1.xlsx/飞书_渠道日更原始最近口径为504/164，不能精确复算。,,,需锁定D日快照和渠道归属规则。
L2-035,L2,汇总/一次派生指标,渠道人数,M-149,某营期、某渠道纳入统计的有效学员人数。,按渠道汇总原始学员记录。,原始汇总,L1-062 渠道学员归属原始记录,流量数据沉淀,原Sheet下方横向身份证,有,现表裂变/CPA为470/93，602期_六表原始数据汇总_V1.xlsx/飞书_渠道日更原始最近口径为504/164，不能精确复算。,,,需锁定D日快照和渠道归属规则。
L3-072,L3,复合业务指标,渠道占比,M-150,某渠道人数占全渠道总人数的比例。,渠道人数 ÷ 全渠道总人数。,公式计算,L2-035 渠道人数,流量数据沉淀,原Sheet下方横向身份证,有,,,现表公式引用空白总人数B3。,
L1-063,L1,原始字段,折算进阶单数原始明细记录,新增原始字段,用于形成“折算进阶单数”的逐条原始事实或明细记录；本身不做汇总和公式计算。,从渠道订单按金额规则逐笔折算后求和。所指向的原始来源逐条拉取或登记。,原始明细拉取/登记,无,流量数据沉淀,由L2-036的上游来源抽取,有,现表与602订单来源不能精确复算。,,,
L2-036,L2,汇总/一次派生指标,折算进阶单数,M-151,某渠道按金额规则折算的进阶等效单数。,渠道订单按金额规则逐笔折算后求和。,规则计算,L1-063 折算进阶单数原始明细记录,流量数据沉淀,原Sheet下方横向身份证,有,现表与602订单来源不能精确复算。,,存在未映射金额。,
L3-073,L3,复合业务指标,渠道折算进阶转化率,M-152,某渠道折算进阶单数占渠道人数的比例。,折算进阶单数 ÷ 渠道人数。,公式计算,L2-036 折算进阶单数；L2-035 渠道人数,流量数据沉淀,原Sheet下方横向身份证,无,,,,
L3-074,L3,复合业务指标,渠道获客成本,M-153,某渠道广告费用平均分摊到该渠道人数的成本。,广告费用 ÷ 渠道人数。,公式计算,L1-002 广告费用；L2-035 渠道人数,流量数据沉淀,原Sheet下方横向身份证,有,,该指标不是传统新增获客CAC，名称需避免与M-004混淆。,,
L2-037,L2,汇总/一次派生指标,渠道人均进阶金额,M-154,某渠道进阶金额平均分摊到该渠道人数的金额。,进阶金额 ÷ 渠道人数。,公式计算,L2-001 进阶金额；L2-035 渠道人数,流量数据沉淀,原Sheet下方横向身份证,有,,该指标不是M-002的内部总配额口径LTV。,,
L1-064,L1,原始字段,面试分类原始记录,新增原始字段,用于形成“面试分类人数”的逐条原始事实或明细记录；本身不做汇总和公式计算。,从当前表人工汇总。所指向的原始来源逐条拉取或登记。,原始明细拉取/登记,无,面试情况,由L2-038的上游来源抽取,有,602原始包没有结构化面试分类明细。,,,需说明左右两块统计快照。
L2-038,L2,汇总/一次派生指标,面试分类人数,M-155,按面试大类或细分类汇总的人数；分类是维度。,当前表人工汇总。,手动汇总,L1-064 面试分类原始记录,面试情况,原Sheet下方横向身份证,有,602原始包没有结构化面试分类明细。,,,需说明左右两块统计快照。
L3-075,L3,复合业务指标,面试大类占比,M-156,某面试大类人数占面试统计总人数的比例。,大类人数 ÷ 面试统计总人数。,公式计算,L2-038 面试分类人数,面试情况,原Sheet下方横向身份证,有,,,需明确总人数单元格和去重规则。,
L3-076,L3,复合业务指标,面试细分类占比,M-157,某细分类人数占所属面试大类人数的比例。,细分类人数 ÷ 所属大类人数。,公式计算,L2-038 面试分类人数,面试情况,原Sheet下方横向身份证,有,,,右侧细分类合计102，低于总数104，存在2人缺口。,
L1-065,L1,原始字段,启航营学员状态原始记录,新增原始字段,用于形成“启航营学员状态人数”的逐条原始事实或明细记录；本身不做汇总和公式计算。,从当前表人工汇总。所指向的原始来源逐条拉取或登记。,原始明细拉取/登记,无,面试情况,由L2-039的上游来源抽取,有,602原始包没有对应状态明细。,,,
L2-039,L2,汇总/一次派生指标,启航营学员状态人数,M-158,按启航营学员状态分类汇总的人数。,当前表人工汇总。,手动汇总,L1-065 启航营学员状态原始记录,面试情况,原Sheet下方横向身份证,有,602原始包没有对应状态明细。,,,
L3-077,L3,复合业务指标,启航营学员状态占比,M-159,某启航营学员状态人数占状态总人数的比例。,状态人数 ÷ 状态总人数。,公式计算,L2-039 启航营学员状态人数,面试情况,原Sheet下方横向身份证,有,,,,需锁定统计快照。
