sheet,position,field,value_or_formula,cached_value,definition_source_status,formula_refs
营期整体数据,A4,营期,602期,602期,直接填入/外部导入；字段名可理解，但上游来源未在本表呈现,
营期整体数据,B4,开营时间D-1,2026-06-24 00:00:00,2026-06-24 00:00:00,直接填入/外部导入；字段名可理解，但上游来源未在本表呈现,
营期整体数据,C4,结营时间D10,2026-07-04 00:00:00,2026-07-04 00:00:00,直接填入/外部导入；字段名可理解，但上游来源未在本表呈现,
营期整体数据,D4,进阶金额,346300,346300,直接填入/外部导入；字段名可理解，但上游来源未在本表呈现,
营期整体数据,E4,LTV,=D4/Y4,,可定义；公式在本 sheet 内，表内可追踪到来源字段,营期整体数据!D4(进阶金额=346300); 营期整体数据!Y4(内部 / 总配额)
营期整体数据,F4,广告 / 费用,93922.1,93922.1,直接填入/外部导入；字段名可理解，但上游来源未在本表呈现,
营期整体数据,G4,CAC,=F4/Y4,,可定义；公式在本 sheet 内，表内可追踪到来源字段,营期整体数据!F4(广告 / 费用=93922.1); 营期整体数据!Y4(内部 / 总配额)
营期整体数据,H4,ROI,=D4/F4,,可定义；公式在本 sheet 内，表内可追踪到来源字段,营期整体数据!D4(进阶金额=346300); 营期整体数据!F4(广告 / 费用=93922.1)
营期整体数据,I4,体验课 / 收入,11480,11480,直接填入/外部导入；字段名可理解，但上游来源未在本表呈现,
营期整体数据,J4,体验课 / 平均单价,=I4/T4,,可定义；公式在本 sheet 内，表内可追踪到来源字段,营期整体数据!I4(体验课 / 收入=11480); 营期整体数据!T4(后台 / 有效人数=1103)
营期整体数据,K4,总营收,=D4+I4,,可定义；公式在本 sheet 内，表内可追踪到来源字段,营期整体数据!D4(进阶金额=346300); 营期整体数据!I4(体验课 / 收入=11480)
营期整体数据,L4,退费情况 / 退费金额,=18860,,公式为硬编码值；可读出结果，但上游来源缺失,
营期整体数据,M4,退费情况 / 占比,,,缺值/空字段；当前不能定义或不能使用,
营期整体数据,N4,退费情况 / 退费后 / 营收,=K4-L4,,可定义；公式在本 sheet 内，表内可追踪到来源字段,营期整体数据!K4(总营收); 营期整体数据!L4(退费情况 / 退费金额)
营期整体数据,O4,延期情况 / 金额,,,缺值/空字段；当前不能定义或不能使用,
营期整体数据,P4,延期情况 / 占比,,,缺值/空字段；当前不能定义或不能使用,
营期整体数据,Q4,延期情况 / 复学,17880,17880,直接填入/外部导入；字段名可理解，但上游来源未在本表呈现,
营期整体数据,R4,延期情况 / 占比,=Q4/S4,,可定义；公式在本 sheet 内，表内可追踪到来源字段,营期整体数据!Q4(延期情况 / 复学=17880); 营期整体数据!S4(延期 / 后营收)
营期整体数据,S4,延期 / 后营收,=K4-L4-O4+Q4,,可定义；公式在本 sheet 内，表内可追踪到来源字段,营期整体数据!K4(总营收); 营期整体数据!L4(退费情况 / 退费金额); 营期整体数据!O4(延期情况 / 金额); 营期整体数据!Q4(延期情况 / 复学=17880)
营期整体数据,T4,后台 / 有效人数,1103,1103,直接填入/外部导入；字段名可理解，但上游来源未在本表呈现,
营期整体数据,U4,老学员 / 人数,19,19,直接填入/外部导入；字段名可理解，但上游来源未在本表呈现,
营期整体数据,V4,可抹除/折算人数,59,59,直接填入/外部导入；字段名可理解，但上游来源未在本表呈现,
营期整体数据,W4,非班级 / 配额,3,3,直接填入/外部导入；字段名可理解，但上游来源未在本表呈现,
营期整体数据,X4,班级 / 总配额,=T4-U4-V4-W4,,可定义；公式在本 sheet 内，表内可追踪到来源字段,营期整体数据!T4(后台 / 有效人数=1103); 营期整体数据!U4(老学员 / 人数=19); 营期整体数据!V4(可抹除/折算人数=59); 营期整体数据!W4(非班级 / 配额=3)
营期整体数据,Y4,内部 / 总配额,=T4-U4-V4,,可定义；公式在本 sheet 内，表内可追踪到来源字段,营期整体数据!T4(后台 / 有效人数=1103); 营期整体数据!U4(老学员 / 人数=19); 营期整体数据!V4(可抹除/折算人数=59)
营期整体数据,Z4,好友率,0.977,0.977,直接填入/外部导入；字段名可理解，但上游来源未在本表呈现,
营期整体数据,AA4,开口率,0.805,0.805,直接填入/外部导入；字段名可理解，但上游来源未在本表呈现,
营期整体数据,AB4,进群率,0.944,0.944,直接填入/外部导入；字段名可理解，但上游来源未在本表呈现,
营期整体数据,AC4,满分 / 人数,=BG4+BW4+CM4,,可定义；公式在本 sheet 内，表内可追踪到来源字段,营期整体数据!BG4(家学学员 / 满分 / 人数=173); 营期整体数据!BW4(焦妈未进阶学员 / 满分 / 人数=74); 营期整体数据!CM4(全新学员 / 满分 / 人数=62)
营期整体数据,AD4,满分率,=AC4/X4,,可定义；公式在本 sheet 内，表内可追踪到来源字段,营期整体数据!AC4(满分 / 人数); 营期整体数据!X4(班级 / 总配额)
营期整体数据,AE4,1980 / 人数,7,7,直接填入/外部导入；字段名可理解，但上游来源未在本表呈现,
营期整体数据,AF4,2980 / 人数,92,92,直接填入/外部导入；字段名可理解，但上游来源未在本表呈现,
营期整体数据,AG4,3980 / 人数,13,13,直接填入/外部导入；字段名可理解，但上游来源未在本表呈现,
营期整体数据,AH4,非本期学员 / 进阶人数,=AI4-AW4-BM4-CC4,,可定义；公式在本 sheet 内，表内可追踪到来源字段,营期整体数据!AI4(总进阶 / 人数); 营期整体数据!AW4(家学学员 / 进阶人数=72); 营期整体数据!BM4(焦妈未进阶学员 / 进阶人数=14); 营期整体数据!CC4(全新学员 / 进阶人数=9)
营期整体数据,AI4,总进阶 / 人数,=AE4+AF4+AG4,,可定义；公式在本 sheet 内，表内可追踪到来源字段,营期整体数据!AE4(1980 / 人数=7); 营期整体数据!AF4(2980 / 人数=92); 营期整体数据!AG4(3980 / 人数=13)
营期整体数据,AJ4,总 / 进阶率,=AI4/Y4,,可定义；公式在本 sheet 内，表内可追踪到来源字段,营期整体数据!AI4(总进阶 / 人数); 营期整体数据!Y4(内部 / 总配额)
营期整体数据,AK4,测评 / 人数,=AY4+BO4+CE4,,可定义；公式在本 sheet 内，表内可追踪到来源字段,营期整体数据!AY4(家学学员 / 测评 / 人数=164); 营期整体数据!BO4(焦妈未进阶学员 / 测评 / 人数=68); 营期整体数据!CE4(全新学员 / 测评 / 人数=97)
营期整体数据,AL4,测评率,=AK4/X4,,可定义；公式在本 sheet 内，表内可追踪到来源字段,营期整体数据!AK4(测评 / 人数); 营期整体数据!X4(班级 / 总配额)
营期整体数据,AM4,测评中 / 进阶人数,=BA4+BQ4+CG4,,可定义；公式在本 sheet 内，表内可追踪到来源字段,营期整体数据!BA4(家学学员 / 测评中 / 进阶人数=28); 营期整体数据!BQ4(焦妈未进阶学员 / 测评中 / 进阶人数=4); 营期整体数据!CG4(全新学员 / 测评中 / 进阶人数=4)
营期整体数据,AN4,测评学员 / 进阶率,=AM4/AK4,,可定义；公式在本 sheet 内，表内可追踪到来源字段,营期整体数据!AM4(测评中 / 进阶人数); 营期整体数据!AK4(测评 / 人数)
营期整体数据,AO4,测评进阶/ / 总进阶,=AM4/AI4,,可定义；公式在本 sheet 内，表内可追踪到来源字段,营期整体数据!AM4(测评中 / 进阶人数); 营期整体数据!AI4(总进阶 / 人数)
营期整体数据,AP4,订金 / 人数,=BC4+BS4+CI4,,可定义；公式在本 sheet 内，表内可追踪到来源字段,营期整体数据!BC4(家学学员 / 订金 / 人数=63); 营期整体数据!BS4(焦妈未进阶学员 / 订金 / 人数=13); 营期整体数据!CI4(全新学员 / 订金 / 人数=12)
营期整体数据,AQ4,订金率,=AP4/X4,,可定义；公式在本 sheet 内，表内可追踪到来源字段,营期整体数据!AP4(订金 / 人数); 营期整体数据!X4(班级 / 总配额)
营期整体数据,AR4,补款 / 人数,=BE4+BU4+CK4,,可定义；公式在本 sheet 内，表内可追踪到来源字段,营期整体数据!BE4(家学学员 / 补款 / 人数=45); 营期整体数据!BU4(焦妈未进阶学员 / 补款 / 人数=9); 营期整体数据!CK4(全新学员 / 补款 / 人数=8)
营期整体数据,AS4,补款率,=AR4/AP4,,可定义；公式在本 sheet 内，表内可追踪到来源字段,营期整体数据!AR4(补款 / 人数); 营期整体数据!AP4(订金 / 人数)
营期整体数据,AT4,订金全款/ / 总进阶,=AR4/AI4,,可定义；公式在本 sheet 内，表内可追踪到来源字段,营期整体数据!AR4(补款 / 人数); 营期整体数据!AI4(总进阶 / 人数)
营期整体数据,AU4,家学学员 / 人数,324,324,直接填入/外部导入；字段名可理解，但上游来源未在本表呈现,
营期整体数据,AV4,家学学员 / 占比,=AU4/X4,,可定义；公式在本 sheet 内，表内可追踪到来源字段,营期整体数据!AU4(家学学员 / 人数=324); 营期整体数据!X4(班级 / 总配额)
营期整体数据,AW4,家学学员 / 进阶人数,72,72,直接填入/外部导入；字段名可理解，但上游来源未在本表呈现,
营期整体数据,AX4,家学学员 / 进阶率,=AW4/AU4,,可定义；公式在本 sheet 内，表内可追踪到来源字段,营期整体数据!AW4(家学学员 / 进阶人数=72); 营期整体数据!AU4(家学学员 / 人数=324)
营期整体数据,AY4,家学学员 / 测评 / 人数,164,164,直接填入/外部导入；字段名可理解，但上游来源未在本表呈现,
营期整体数据,AZ4,家学学员 / 测评率,=AY4/AU4,,可定义；公式在本 sheet 内，表内可追踪到来源字段,营期整体数据!AY4(家学学员 / 测评 / 人数=164); 营期整体数据!AU4(家学学员 / 人数=324)
营期整体数据,BA4,家学学员 / 测评中 / 进阶人数,28,28,直接填入/外部导入；字段名可理解，但上游来源未在本表呈现,
营期整体数据,BB4,家学学员 / 测评学员 / 进阶率,=BA4/AY4,,可定义；公式在本 sheet 内，表内可追踪到来源字段,营期整体数据!BA4(家学学员 / 测评中 / 进阶人数=28); 营期整体数据!AY4(家学学员 / 测评 / 人数=164)
营期整体数据,BC4,家学学员 / 订金 / 人数,63,63,直接填入/外部导入；字段名可理解，但上游来源未在本表呈现,
营期整体数据,BD4,家学学员 / 订金率,=BC4/AU4,,可定义；公式在本 sheet 内，表内可追踪到来源字段,营期整体数据!BC4(家学学员 / 订金 / 人数=63); 营期整体数据!AU4(家学学员 / 人数=324)
营期整体数据,BE4,家学学员 / 补款 / 人数,45,45,直接填入/外部导入；字段名可理解，但上游来源未在本表呈现,
营期整体数据,BF4,家学学员 / 补款率,=BE4/BC4,,可定义；公式在本 sheet 内，表内可追踪到来源字段,营期整体数据!BE4(家学学员 / 补款 / 人数=45); 营期整体数据!BC4(家学学员 / 订金 / 人数=63)
营期整体数据,BG4,家学学员 / 满分 / 人数,173,173,直接填入/外部导入；字段名可理解，但上游来源未在本表呈现,
营期整体数据,BH4,家学学员 / 满分率,=BG4/AU4,,可定义；公式在本 sheet 内，表内可追踪到来源字段,营期整体数据!BG4(家学学员 / 满分 / 人数=173); 营期整体数据!AU4(家学学员 / 人数=324)
营期整体数据,BI4,家学学员 / 营收,,,缺值/空字段；当前不能定义或不能使用,
营期整体数据,BJ4,家学学员 / ltv,,,缺值/空字段；当前不能定义或不能使用,
营期整体数据,BK4,焦妈未进阶学员 / 人数,231,231,直接填入/外部导入；字段名可理解，但上游来源未在本表呈现,
营期整体数据,BL4,焦妈未进阶学员 / 占比,=BK4/X4,,可定义；公式在本 sheet 内，表内可追踪到来源字段,营期整体数据!BK4(焦妈未进阶学员 / 人数=231); 营期整体数据!X4(班级 / 总配额)
营期整体数据,BM4,焦妈未进阶学员 / 进阶人数,14,14,直接填入/外部导入；字段名可理解，但上游来源未在本表呈现,
营期整体数据,BN4,焦妈未进阶学员 / 进阶率,=BM4/BK4,,可定义；公式在本 sheet 内，表内可追踪到来源字段,营期整体数据!BM4(焦妈未进阶学员 / 进阶人数=14); 营期整体数据!BK4(焦妈未进阶学员 / 人数=231)
营期整体数据,BO4,焦妈未进阶学员 / 测评 / 人数,68,68,直接填入/外部导入；字段名可理解，但上游来源未在本表呈现,
营期整体数据,BP4,焦妈未进阶学员 / 测评率,=BO4/BK4,,可定义；公式在本 sheet 内，表内可追踪到来源字段,营期整体数据!BO4(焦妈未进阶学员 / 测评 / 人数=68); 营期整体数据!BK4(焦妈未进阶学员 / 人数=231)
营期整体数据,BQ4,焦妈未进阶学员 / 测评中 / 进阶人数,4,4,直接填入/外部导入；字段名可理解，但上游来源未在本表呈现,
营期整体数据,BR4,焦妈未进阶学员 / 测评学员 / 进阶率,=BQ4/BO4,,可定义；公式在本 sheet 内，表内可追踪到来源字段,营期整体数据!BQ4(焦妈未进阶学员 / 测评中 / 进阶人数=4); 营期整体数据!BO4(焦妈未进阶学员 / 测评 / 人数=68)
营期整体数据,BS4,焦妈未进阶学员 / 订金 / 人数,13,13,直接填入/外部导入；字段名可理解，但上游来源未在本表呈现,
营期整体数据,BT4,焦妈未进阶学员 / 订金率,=BS4/BK4,,可定义；公式在本 sheet 内，表内可追踪到来源字段,营期整体数据!BS4(焦妈未进阶学员 / 订金 / 人数=13); 营期整体数据!BK4(焦妈未进阶学员 / 人数=231)
营期整体数据,BU4,焦妈未进阶学员 / 补款 / 人数,9,9,直接填入/外部导入；字段名可理解，但上游来源未在本表呈现,
营期整体数据,BV4,焦妈未进阶学员 / 补款率,=BU4/BS4,,可定义；公式在本 sheet 内，表内可追踪到来源字段,营期整体数据!BU4(焦妈未进阶学员 / 补款 / 人数=9); 营期整体数据!BS4(焦妈未进阶学员 / 订金 / 人数=13)
营期整体数据,BW4,焦妈未进阶学员 / 满分 / 人数,74,74,直接填入/外部导入；字段名可理解，但上游来源未在本表呈现,
营期整体数据,BX4,焦妈未进阶学员 / 满分率,=BW4/BK4,,可定义；公式在本 sheet 内，表内可追踪到来源字段,营期整体数据!BW4(焦妈未进阶学员 / 满分 / 人数=74); 营期整体数据!BK4(焦妈未进阶学员 / 人数=231)
营期整体数据,BY4,焦妈未进阶学员 / 营收,,,缺值/空字段；当前不能定义或不能使用,
营期整体数据,BZ4,焦妈未进阶学员 / ltv,,,缺值/空字段；当前不能定义或不能使用,
营期整体数据,CA4,全新学员 / 人数,467,467,直接填入/外部导入；字段名可理解，但上游来源未在本表呈现,
营期整体数据,CB4,全新学员 / 占比,=CA4/X4,,可定义；公式在本 sheet 内，表内可追踪到来源字段,营期整体数据!CA4(全新学员 / 人数=467); 营期整体数据!X4(班级 / 总配额)
营期整体数据,CC4,全新学员 / 进阶人数,9,9,直接填入/外部导入；字段名可理解，但上游来源未在本表呈现,
营期整体数据,CD4,全新学员 / 进阶率,=CC4/CA4,,可定义；公式在本 sheet 内，表内可追踪到来源字段,营期整体数据!CC4(全新学员 / 进阶人数=9); 营期整体数据!CA4(全新学员 / 人数=467)
营期整体数据,CE4,全新学员 / 测评 / 人数,97,97,直接填入/外部导入；字段名可理解，但上游来源未在本表呈现,
营期整体数据,CF4,全新学员 / 测评率,=CE4/CA4,,可定义；公式在本 sheet 内，表内可追踪到来源字段,营期整体数据!CE4(全新学员 / 测评 / 人数=97); 营期整体数据!CA4(全新学员 / 人数=467)
营期整体数据,CG4,全新学员 / 测评中 / 进阶人数,4,4,直接填入/外部导入；字段名可理解，但上游来源未在本表呈现,
营期整体数据,CH4,全新学员 / 测评学员 / 进阶率,=CG4/CE4,,可定义；公式在本 sheet 内，表内可追踪到来源字段,营期整体数据!CG4(全新学员 / 测评中 / 进阶人数=4); 营期整体数据!CE4(全新学员 / 测评 / 人数=97)
营期整体数据,CI4,全新学员 / 订金 / 人数,12,12,直接填入/外部导入；字段名可理解，但上游来源未在本表呈现,
营期整体数据,CJ4,全新学员 / 订金率,=CI4/CA4,,可定义；公式在本 sheet 内，表内可追踪到来源字段,营期整体数据!CI4(全新学员 / 订金 / 人数=12); 营期整体数据!CA4(全新学员 / 人数=467)
营期整体数据,CK4,全新学员 / 补款 / 人数,8,8,直接填入/外部导入；字段名可理解，但上游来源未在本表呈现,
营期整体数据,CL4,全新学员 / 补款率,=CK4/CI4,,可定义；公式在本 sheet 内，表内可追踪到来源字段,营期整体数据!CK4(全新学员 / 补款 / 人数=8); 营期整体数据!CI4(全新学员 / 订金 / 人数=12)
营期整体数据,CM4,全新学员 / 满分 / 人数,62,62,直接填入/外部导入；字段名可理解，但上游来源未在本表呈现,
营期整体数据,CN4,全新学员 / 满分率,=CM4/CA4,,可定义；公式在本 sheet 内，表内可追踪到来源字段,营期整体数据!CM4(全新学员 / 满分 / 人数=62); 营期整体数据!CA4(全新学员 / 人数=467)
营期整体数据,CO4,全新学员 / 营收,,,缺值/空字段；当前不能定义或不能使用,
营期整体数据,CP4,全新学员 / ltv,,,缺值/空字段；当前不能定义或不能使用,
目标学员率,A4,营期,602期,602期,直接填入/外部导入；字段名可理解，但上游来源未在本表呈现,
目标学员率,B4,开营时间 / D-1,2026-06-24 00:00:00,2026-06-24 00:00:00,直接填入/外部导入；字段名可理解，但上游来源未在本表呈现,
目标学员率,C4,结营时间 / D10,2026-07-04 00:00:00,2026-07-04 00:00:00,直接填入/外部导入；字段名可理解，但上游来源未在本表呈现,
目标学员率,D4,入营调查概况 / 当前 / 后台人数,1092,1092,直接填入/外部导入；字段名可理解，但上游来源未在本表呈现,
目标学员率,E4,入营调查概况 / 填写 / 人数,921,921,直接填入/外部导入；字段名可理解，但上游来源未在本表呈现,
目标学员率,F4,入营调查概况 / 填写率,=E4/D4,,可定义；公式在本 sheet 内，表内可追踪到来源字段,目标学员率!E4(入营调查概况 / 填写 / 人数=921); 目标学员率!D4(入营调查概况 / 当前 / 后台人数=1092)
目标学员率,G4,入营调查概况 / 可判断 / 孩子年龄 / 人数,919,919,直接填入/外部导入；字段名可理解，但上游来源未在本表呈现,
目标学员率,H4,入营调查概况 / 判断率,=G4/E4,,可定义；公式在本 sheet 内，表内可追踪到来源字段,目标学员率!G4(入营调查概况 / 可判断 / 孩子年龄 / 人数=919); 目标学员率!E4(入营调查概况 / 填写 / 人数=921)
目标学员率,I4,入营调查概况 / 孩子适龄 / 人数,=K4+O4,,可定义；公式在本 sheet 内，表内可追踪到来源字段,目标学员率!K4(家学学员 / 适龄 / 人数=275); 目标学员率!O4(非家学学员 / 适龄 / 人数=457)
目标学员率,J4,入营调查概况 / 适龄率 / （可判断）,=I4/G4,,可定义；公式在本 sheet 内，表内可追踪到来源字段,目标学员率!I4(入营调查概况 / 孩子适龄 / 人数); 目标学员率!G4(入营调查概况 / 可判断 / 孩子年龄 / 人数=919)
目标学员率,K4,家学学员 / 适龄 / 人数,275,275,直接填入/外部导入；字段名可理解，但上游来源未在本表呈现,
目标学员率,L4,家学学员 / 适龄 / 占比,=K4/G4,,可定义；公式在本 sheet 内，表内可追踪到来源字段,目标学员率!K4(家学学员 / 适龄 / 人数=275); 目标学员率!G4(入营调查概况 / 可判断 / 孩子年龄 / 人数=919)
目标学员率,M4,家学学员 / 非适龄 / 人数,65,65,直接填入/外部导入；字段名可理解，但上游来源未在本表呈现,
目标学员率,N4,家学学员 / 非适龄 / 占比,=M4/G4,,可定义；公式在本 sheet 内，表内可追踪到来源字段,目标学员率!M4(家学学员 / 非适龄 / 人数=65); 目标学员率!G4(入营调查概况 / 可判断 / 孩子年龄 / 人数=919)
目标学员率,O4,非家学学员 / 适龄 / 人数,457,457,直接填入/外部导入；字段名可理解，但上游来源未在本表呈现,
目标学员率,P4,非家学学员 / 适龄 / 占比,=O4/G4,,可定义；公式在本 sheet 内，表内可追踪到来源字段,目标学员率!O4(非家学学员 / 适龄 / 人数=457); 目标学员率!G4(入营调查概况 / 可判断 / 孩子年龄 / 人数=919)
目标学员率,Q4,非家学学员 / 非适龄 / 人数,122,122,直接填入/外部导入；字段名可理解，但上游来源未在本表呈现,
目标学员率,R4,非家学学员 / 非适龄 / 占比,=Q4/G4,,可定义；公式在本 sheet 内，表内可追踪到来源字段,目标学员率!Q4(非家学学员 / 非适龄 / 人数=122); 目标学员率!G4(入营调查概况 / 可判断 / 孩子年龄 / 人数=919)
目标学员率,S4,只能 / 1980,=R4,,可定义；公式在本 sheet 内，表内可追踪到来源字段,目标学员率!R4(非家学学员 / 非适龄 / 占比)
目标学员率,T4,只能 / 2980,=L4,,可定义；公式在本 sheet 内，表内可追踪到来源字段,目标学员率!L4(家学学员 / 适龄 / 占比)
目标学员率,U4,可 / 3980,=P4,,可定义；公式在本 sheet 内，表内可追踪到来源字段,目标学员率!P4(非家学学员 / 适龄 / 占比)
目标学员率,V4,啥都 / 不行,=N4,,可定义；公式在本 sheet 内，表内可追踪到来源字段,目标学员率!N4(家学学员 / 非适龄 / 占比)
目标学员率,W4,可 / 2980,=L4+P4,,可定义；公式在本 sheet 内，表内可追踪到来源字段,目标学员率!L4(家学学员 / 适龄 / 占比); 目标学员率!P4(非家学学员 / 适龄 / 占比)
主课和每日一问,A4,营期,602期,602期,直接填入/外部导入；字段名可理解，但上游来源未在本表呈现,
主课和每日一问,B4,开营时间 / D-1,2026-06-24 00:00:00,2026-06-24 00:00:00,直接填入/外部导入；字段名可理解，但上游来源未在本表呈现,
主课和每日一问,C4,结营时间 / D10,2026-07-04 00:00:00,2026-07-04 00:00:00,直接填入/外部导入；字段名可理解，但上游来源未在本表呈现,
主课和每日一问,D4,带班 / 学员配额,='营期整体数据'!X4,,可定义；公式跨 sheet 引用，表内可追踪到来源字段,营期整体数据!X4(班级 / 总配额)
主课和每日一问,E4,D1主课 / 目标,0.7,0.7,直接填入/外部导入；字段名可理解，但上游来源未在本表呈现,
主课和每日一问,F4,D1主课 / 完成 / 人数,846,846,直接填入/外部导入；字段名可理解，但上游来源未在本表呈现,
主课和每日一问,G4,D1主课 / 完成率,=F4/D4,,可定义；公式在本 sheet 内，表内可追踪到来源字段,主课和每日一问!F4(D1主课 / 完成 / 人数=846); 主课和每日一问!D4(带班 / 学员配额)
主课和每日一问,H4,D1主课 / 目标 / 达成率,=G4/E4,,可定义；公式在本 sheet 内，表内可追踪到来源字段,主课和每日一问!G4(D1主课 / 完成率); 主课和每日一问!E4(D1主课 / 目标=0.7)
主课和每日一问,I4,D1主课 / 同比 / 上一期,=(G4-G3)/G3,,可定义；公式在本 sheet 内，表内可追踪到来源字段,主课和每日一问!G4(D1主课 / 完成率); 主课和每日一问!G3(D1主课 / 完成率)
主课和每日一问,J4,D1必修 / 目标,,,缺值/空字段；当前不能定义或不能使用,
主课和每日一问,K4,D1必修 / 实际 / 完成率,,,缺值/空字段；当前不能定义或不能使用,
主课和每日一问,L4,D1必修 / 目标 / 达成率,,,缺值/空字段；当前不能定义或不能使用,
主课和每日一问,M4,D1每日一问 / 目标,0.55,0.55,直接填入/外部导入；字段名可理解，但上游来源未在本表呈现,
主课和每日一问,N4,D1每日一问 / 完成 / 人数,,,缺值/空字段；当前不能定义或不能使用,
主课和每日一问,O4,D1每日一问 / 完成率,0.719,0.719,直接填入/外部导入；字段名可理解，但上游来源未在本表呈现,
主课和每日一问,P4,D1每日一问 / 目标 / 达成率,=O4/M4,,可定义；公式在本 sheet 内，表内可追踪到来源字段,主课和每日一问!O4(D1每日一问 / 完成率=0.719); 主课和每日一问!M4(D1每日一问 / 目标=0.55)
主课和每日一问,Q4,D1每日一问 / 同比 / 上一期,=(O4-O3)/O3,,可定义；公式在本 sheet 内，表内可追踪到来源字段,主课和每日一问!O4(D1每日一问 / 完成率=0.719); 主课和每日一问!O3(D1每日一问 / 完成率=0.808)
主课和每日一问,R4,D2主课 / 目标,0.6,0.6,直接填入/外部导入；字段名可理解，但上游来源未在本表呈现,
主课和每日一问,S4,D2主课 / 完成 / 人数,744,744,直接填入/外部导入；字段名可理解，但上游来源未在本表呈现,
主课和每日一问,T4,D2主课 / 完成率,=S4/D4,,可定义；公式在本 sheet 内，表内可追踪到来源字段,主课和每日一问!S4(D2主课 / 完成 / 人数=744); 主课和每日一问!D4(带班 / 学员配额)
主课和每日一问,U4,D2主课 / 目标 / 达成率,=T4/R4,,可定义；公式在本 sheet 内，表内可追踪到来源字段,主课和每日一问!T4(D2主课 / 完成率); 主课和每日一问!R4(D2主课 / 目标=0.6)
主课和每日一问,V4,D2主课 / 同比 / 上一期,=(T4-T3)/T3,,可定义；公式在本 sheet 内，表内可追踪到来源字段,主课和每日一问!T4(D2主课 / 完成率); 主课和每日一问!T3(D2主课 / 完成率)
主课和每日一问,W4,D2必修 / 目标,,,缺值/空字段；当前不能定义或不能使用,
主课和每日一问,X4,D2必修 / 实际 / 完成率,,,缺值/空字段；当前不能定义或不能使用,
主课和每日一问,Y4,D2必修 / 目标 / 达成率,,,缺值/空字段；当前不能定义或不能使用,
主课和每日一问,Z4,D2每日一问 / 目标,0.5,0.5,直接填入/外部导入；字段名可理解，但上游来源未在本表呈现,
主课和每日一问,AA4,D2每日一问 / 完成 / 人数,,,缺值/空字段；当前不能定义或不能使用,
主课和每日一问,AB4,D2每日一问 / 完成率,0.616,0.616,直接填入/外部导入；字段名可理解，但上游来源未在本表呈现,
主课和每日一问,AC4,D2每日一问 / 目标 / 达成率,=AB4/Z4,,可定义；公式在本 sheet 内，表内可追踪到来源字段,主课和每日一问!AB4(D2每日一问 / 完成率=0.616); 主课和每日一问!Z4(D2每日一问 / 目标=0.5)
主课和每日一问,AD4,D2每日一问 / 同比 / 上一期,=(AB4-AB3)/AB3,,可定义；公式在本 sheet 内，表内可追踪到来源字段,主课和每日一问!AB4(D2每日一问 / 完成率=0.616); 主课和每日一问!AB3(D2每日一问 / 完成率=0.71)
主课和每日一问,AE4,D3主课 / 目标,0.5,0.5,直接填入/外部导入；字段名可理解，但上游来源未在本表呈现,
主课和每日一问,AF4,D3主课 / 完成 / 人数,680,680,直接填入/外部导入；字段名可理解，但上游来源未在本表呈现,
主课和每日一问,AG4,D3主课 / 完成率,=AF4/D4,,可定义；公式在本 sheet 内，表内可追踪到来源字段,主课和每日一问!AF4(D3主课 / 完成 / 人数=680); 主课和每日一问!D4(带班 / 学员配额)
主课和每日一问,AH4,D3主课 / 目标 / 达成率,=AG4/AE4,,可定义；公式在本 sheet 内，表内可追踪到来源字段,主课和每日一问!AG4(D3主课 / 完成率); 主课和每日一问!AE4(D3主课 / 目标=0.5)
主课和每日一问,AI4,D3主课 / 同比 / 上一期,=(AG4-AG3)/AG3,,可定义；公式在本 sheet 内，表内可追踪到来源字段,主课和每日一问!AG4(D3主课 / 完成率); 主课和每日一问!AG3(D3主课 / 完成率)
主课和每日一问,AJ4,D2必修 / 目标,,,缺值/空字段；当前不能定义或不能使用,
主课和每日一问,AK4,D2必修 / 实际 / 完成率,,,缺值/空字段；当前不能定义或不能使用,
主课和每日一问,AL4,D2必修 / 目标 / 达成率,,,缺值/空字段；当前不能定义或不能使用,
主课和每日一问,AM4,D3每日一问 / 目标,0.45,0.45,直接填入/外部导入；字段名可理解，但上游来源未在本表呈现,
主课和每日一问,AN4,D3每日一问 / 完成 / 人数,,,缺值/空字段；当前不能定义或不能使用,
主课和每日一问,AO4,D3每日一问 / 完成率,0.564,0.564,直接填入/外部导入；字段名可理解，但上游来源未在本表呈现,
主课和每日一问,AP4,D3每日一问 / 目标 / 达成率,=AO4/AM4,,可定义；公式在本 sheet 内，表内可追踪到来源字段,主课和每日一问!AO4(D3每日一问 / 完成率=0.564); 主课和每日一问!AM4(D3每日一问 / 目标=0.45)
主课和每日一问,AQ4,D3每日一问 / 同比 / 上一期,=(AO4-AO3)/AO3,,可定义；公式在本 sheet 内，表内可追踪到来源字段,主课和每日一问!AO4(D3每日一问 / 完成率=0.564); 主课和每日一问!AO3(D3每日一问 / 完成率=0.6468)
主课和每日一问,AR4,D4主课 / 目标,0.45,0.45,直接填入/外部导入；字段名可理解，但上游来源未在本表呈现,
主课和每日一问,AS4,D4主课 / 完成 / 人数,650,650,直接填入/外部导入；字段名可理解，但上游来源未在本表呈现,
主课和每日一问,AT4,D4主课 / 完成率,=AS4/D4,,可定义；公式在本 sheet 内，表内可追踪到来源字段,主课和每日一问!AS4(D4主课 / 完成 / 人数=650); 主课和每日一问!D4(带班 / 学员配额)
主课和每日一问,AU4,D4主课 / 目标 / 达成率,=AT4/AR4,,可定义；公式在本 sheet 内，表内可追踪到来源字段,主课和每日一问!AT4(D4主课 / 完成率); 主课和每日一问!AR4(D4主课 / 目标=0.45)
主课和每日一问,AV4,D4主课 / 同比 / 上一期,=(AT4-AT3)/AT3,,可定义；公式在本 sheet 内，表内可追踪到来源字段,主课和每日一问!AT4(D4主课 / 完成率); 主课和每日一问!AT3(D4主课 / 完成率)
主课和每日一问,AW4,D4必修 / 目标,,,缺值/空字段；当前不能定义或不能使用,
主课和每日一问,AX4,D4必修 / 实际 / 完成率,,,缺值/空字段；当前不能定义或不能使用,
主课和每日一问,AY4,D4必修 / 目标 / 达成率,,,缺值/空字段；当前不能定义或不能使用,
主课和每日一问,AZ4,D4每日一问 / 目标,0.4,0.4,直接填入/外部导入；字段名可理解，但上游来源未在本表呈现,
主课和每日一问,BA4,D4每日一问 / 完成 / 人数,,,缺值/空字段；当前不能定义或不能使用,
主课和每日一问,BB4,D4每日一问 / 完成率,0.512,0.512,直接填入/外部导入；字段名可理解，但上游来源未在本表呈现,
主课和每日一问,BC4,D4每日一问 / 目标 / 达成率,=BB4/AZ4,,可定义；公式在本 sheet 内，表内可追踪到来源字段,主课和每日一问!BB4(D4每日一问 / 完成率=0.512); 主课和每日一问!AZ4(D4每日一问 / 目标=0.4)
主课和每日一问,BD4,D4每日一问 / 同比 / 上一期,=(BB4-BB3)/BB3,,可定义；公式在本 sheet 内，表内可追踪到来源字段,主课和每日一问!BB4(D4每日一问 / 完成率=0.512); 主课和每日一问!BB3(D4每日一问 / 完成率=0.6611)
主课和每日一问,BE4,D5主课 / 目标,0.4,0.4,直接填入/外部导入；字段名可理解，但上游来源未在本表呈现,
主课和每日一问,BF4,D5主课 / 完成 / 人数,590,590,直接填入/外部导入；字段名可理解，但上游来源未在本表呈现,
主课和每日一问,BG4,D5主课 / 完成率,=BF4/D4,,可定义；公式在本 sheet 内，表内可追踪到来源字段,主课和每日一问!BF4(D5主课 / 完成 / 人数=590); 主课和每日一问!D4(带班 / 学员配额)
主课和每日一问,BH4,D5主课 / 目标 / 达成率,=BG4/BE4,,可定义；公式在本 sheet 内，表内可追踪到来源字段,主课和每日一问!BG4(D5主课 / 完成率); 主课和每日一问!BE4(D5主课 / 目标=0.4)
主课和每日一问,BI4,D5主课 / 同比 / 上一期,=(BG4-BG3)/BG3,,可定义；公式在本 sheet 内，表内可追踪到来源字段,主课和每日一问!BG4(D5主课 / 完成率); 主课和每日一问!BG3(D5主课 / 完成率)
主课和每日一问,BJ4,D5必修 / 目标,,,缺值/空字段；当前不能定义或不能使用,
主课和每日一问,BK4,D5必修 / 实际 / 完成率,,,缺值/空字段；当前不能定义或不能使用,
主课和每日一问,BL4,D5必修 / 目标 / 达成率,,,缺值/空字段；当前不能定义或不能使用,
主课和每日一问,BM4,D5每日一问 / 目标,0.35,0.35,直接填入/外部导入；字段名可理解，但上游来源未在本表呈现,
主课和每日一问,BN4,D5每日一问 / 完成 / 人数,,,缺值/空字段；当前不能定义或不能使用,
主课和每日一问,BO4,D5每日一问 / 完成率,0.454,0.454,直接填入/外部导入；字段名可理解，但上游来源未在本表呈现,
主课和每日一问,BP4,D5每日一问 / 目标 / 达成率,=BO4/BM4,,可定义；公式在本 sheet 内，表内可追踪到来源字段,主课和每日一问!BO4(D5每日一问 / 完成率=0.454); 主课和每日一问!BM4(D5每日一问 / 目标=0.35)
主课和每日一问,BQ4,D5每日一问 / 同比 / 上一期,=(BO4-BO3)/BO3,,可定义；公式在本 sheet 内，表内可追踪到来源字段,主课和每日一问!BO4(D5每日一问 / 完成率=0.454); 主课和每日一问!BO3(D5每日一问 / 完成率=0.582)
主课和每日一问,BR4,D6主课 / 目标,,,缺值/空字段；当前不能定义或不能使用,
主课和每日一问,BS4,D6主课 / 完成 / 人数,484,484,直接填入/外部导入；字段名可理解，但上游来源未在本表呈现,
主课和每日一问,BT4,D6主课 / 完成率,=BS4/$D4,,可定义；公式在本 sheet 内，表内可追踪到来源字段,主课和每日一问!BS4(D6主课 / 完成 / 人数=484); 主课和每日一问!D4(带班 / 学员配额)
主课和每日一问,BU4,D6主课 / 目标 / 达成率,,,缺值/空字段；当前不能定义或不能使用,
主课和每日一问,BV4,D6主课 / 同比 / 上一期,=(BT4-BT3)/BT3,,可定义；公式在本 sheet 内，表内可追踪到来源字段,主课和每日一问!BT4(D6主课 / 完成率); 主课和每日一问!BT3(D6主课 / 完成率)
主课和每日一问,BW4,D6必修 / 目标,,,缺值/空字段；当前不能定义或不能使用,
主课和每日一问,BX4,D6必修 / 实际 / 完成率,,,缺值/空字段；当前不能定义或不能使用,
主课和每日一问,BY4,D6必修 / 目标 / 达成率,,,缺值/空字段；当前不能定义或不能使用,
主课和每日一问,BZ4,D6每日一问 / 目标,,,缺值/空字段；当前不能定义或不能使用,
主课和每日一问,CA4,D6每日一问 / 完成 / 人数,,,缺值/空字段；当前不能定义或不能使用,
主课和每日一问,CB4,D6每日一问 / 完成率,0.353,0.353,直接填入/外部导入；字段名可理解，但上游来源未在本表呈现,
主课和每日一问,CC4,D6每日一问 / 目标 / 达成率,,,缺值/空字段；当前不能定义或不能使用,
主课和每日一问,CD4,D6每日一问 / 同比 / 上一期,=(CB4-CB3)/CB3,,可定义；公式在本 sheet 内，表内可追踪到来源字段,主课和每日一问!CB4(D6每日一问 / 完成率=0.353); 主课和每日一问!CB3(D6每日一问 / 完成率=0.486)
主课和每日一问,CE4,D7主课 / 目标,,,缺值/空字段；当前不能定义或不能使用,
主课和每日一问,CF4,D7主课 / 完成 / 人数,450,450,直接填入/外部导入；字段名可理解，但上游来源未在本表呈现,
主课和每日一问,CG4,D7主课 / 完成率,=CF4/$D4,,可定义；公式在本 sheet 内，表内可追踪到来源字段,主课和每日一问!CF4(D7主课 / 完成 / 人数=450); 主课和每日一问!D4(带班 / 学员配额)
主课和每日一问,CH4,D7主课 / 目标 / 达成率,,,缺值/空字段；当前不能定义或不能使用,
主课和每日一问,CI4,D7主课 / 同比 / 上一期,=(CG4-CG3)/CG3,,可定义；公式在本 sheet 内，表内可追踪到来源字段,主课和每日一问!CG4(D7主课 / 完成率); 主课和每日一问!CG3(D7主课 / 完成率)
主课和每日一问,CJ4,D7必修 / 目标,,,缺值/空字段；当前不能定义或不能使用,
主课和每日一问,CK4,D7必修 / 实际 / 完成率,0.3928,0.3928,直接填入/外部导入；字段名可理解，但上游来源未在本表呈现,
主课和每日一问,CL4,D7必修 / 目标 / 达成率,,,缺值/空字段；当前不能定义或不能使用,
主课和每日一问,CM4,D每日一问 / 目标,0.35,0.35,直接填入/外部导入；字段名可理解，但上游来源未在本表呈现,
主课和每日一问,CN4,D每日一问 / 完成 / 人数,350,350,直接填入/外部导入；字段名可理解，但上游来源未在本表呈现,
主课和每日一问,CO4,D每日一问 / 完成率,=CN4/D4,,可定义；公式在本 sheet 内，表内可追踪到来源字段,主课和每日一问!CN4(D每日一问 / 完成 / 人数=350); 主课和每日一问!D4(带班 / 学员配额)
主课和每日一问,CP4,D每日一问 / 目标 / 达成率,,,缺值/空字段；当前不能定义或不能使用,
主课和每日一问,CQ4,D每日一问 / 同比 / 上一期,=(CO4-CO3)/CO3,,可定义；公式在本 sheet 内，表内可追踪到来源字段,主课和每日一问!CO4(D每日一问 / 完成率); 主课和每日一问!CO3(D每日一问 / 完成率=0.446)
主课和每日一问,CR4,D8主课 / 目标,,,缺值/空字段；当前不能定义或不能使用,
主课和每日一问,CS4,D8主课 / 完成 / 人数,417,417,直接填入/外部导入；字段名可理解，但上游来源未在本表呈现,
主课和每日一问,CT4,D8主课 / 完成率,=CS4/$D4,,可定义；公式在本 sheet 内，表内可追踪到来源字段,主课和每日一问!CS4(D8主课 / 完成 / 人数=417); 主课和每日一问!D4(带班 / 学员配额)
主课和每日一问,CU4,D8主课 / 同比 / 上一期,=(CT4-CT3)/CT3,,可定义；公式在本 sheet 内，表内可追踪到来源字段,主课和每日一问!CT4(D8主课 / 完成率); 主课和每日一问!CT3(D8主课 / 完成率)
主课和每日一问,CV4,D8必修 / 完成 / 人数,369,369,直接填入/外部导入；字段名可理解，但上游来源未在本表呈现,
主课和每日一问,CW4,D8必修 / 实际 / 完成率,=CV4/D4,,可定义；公式在本 sheet 内，表内可追踪到来源字段,主课和每日一问!CV4(D8必修 / 完成 / 人数=369); 主课和每日一问!D4(带班 / 学员配额)
主课和每日一问,CX4,D8每日一问 / 目标,,,缺值/空字段；当前不能定义或不能使用,
主课和每日一问,CY4,D8每日一问 / 完成 / 人数,321,321,直接填入/外部导入；字段名可理解，但上游来源未在本表呈现,
主课和每日一问,CZ4,D8每日一问 / 完成率,=CY4/D4,,可定义；公式在本 sheet 内，表内可追踪到来源字段,主课和每日一问!CY4(D8每日一问 / 完成 / 人数=321); 主课和每日一问!D4(带班 / 学员配额)
主课和每日一问,DA4,D8每日一问 / 同比 / 上一期,=(CZ4-CZ3)/CZ3,,可定义；公式在本 sheet 内，表内可追踪到来源字段,主课和每日一问!CZ4(D8每日一问 / 完成率); 主课和每日一问!CZ3(D8每日一问 / 完成率=0.407)
主课和每日一问,DB4,D9主课 / 目标,,,缺值/空字段；当前不能定义或不能使用,
主课和每日一问,DC4,D9主课 / 完成 / 人数,390,390,直接填入/外部导入；字段名可理解，但上游来源未在本表呈现,
主课和每日一问,DD4,D9主课 / 完成率,=DC4/$D4,,可定义；公式在本 sheet 内，表内可追踪到来源字段,主课和每日一问!DC4(D9主课 / 完成 / 人数=390); 主课和每日一问!D4(带班 / 学员配额)
主课和每日一问,DE4,D9主课 / 同比 / 上一期,=(DD4-DD3)/DD3,,可定义；公式在本 sheet 内，表内可追踪到来源字段,主课和每日一问!DD4(D9主课 / 完成率); 主课和每日一问!DD3(D9主课 / 完成率)
主课和每日一问,DF4,D9必修 / 目标,,,缺值/空字段；当前不能定义或不能使用,
主课和每日一问,DG4,D9必修 / 完成 / 人数,344,344,直接填入/外部导入；字段名可理解，但上游来源未在本表呈现,
主课和每日一问,DH4,D9必修 / 完成率,=DG4/D4,,可定义；公式在本 sheet 内，表内可追踪到来源字段,主课和每日一问!DG4(D9必修 / 完成 / 人数=344); 主课和每日一问!D4(带班 / 学员配额)
主课和每日一问,DI4,D9必修 / 同比 / 上一期,=(DH4-DH3)/DH3,,可定义；公式在本 sheet 内，表内可追踪到来源字段,主课和每日一问!DH4(D9必修 / 完成率); 主课和每日一问!DH3(D9必修 / 完成率=0.447)
主课和每日一问,DJ4,D9每日一问 / 目标,,,缺值/空字段；当前不能定义或不能使用,
主课和每日一问,DK4,D9每日一问 / 完成 / 人数,277,277,直接填入/外部导入；字段名可理解，但上游来源未在本表呈现,
主课和每日一问,DL4,D9每日一问 / 完成率,0.271,0.271,直接填入/外部导入；字段名可理解，但上游来源未在本表呈现,
主课和每日一问,DM4,D9每日一问 / 同比 / 上一期,=(DL4-DL3)/DL3,,可定义；公式在本 sheet 内，表内可追踪到来源字段,主课和每日一问!DL4(D9每日一问 / 完成率=0.271); 主课和每日一问!DL3(D9每日一问 / 完成率=0.364)
主课和每日一问,DN4,D10主课 / 目标,,,缺值/空字段；当前不能定义或不能使用,
主课和每日一问,DO4,D10主课 / 完成 / 人数,364,364,直接填入/外部导入；字段名可理解，但上游来源未在本表呈现,
主课和每日一问,DP4,D10主课 / 完成率,=DO4/$D4,,可定义；公式在本 sheet 内，表内可追踪到来源字段,主课和每日一问!DO4(D10主课 / 完成 / 人数=364); 主课和每日一问!D4(带班 / 学员配额)
主课和每日一问,DQ4,D10主课 / 同比 / 上一期,=(DP4-DP3)/DP3,,可定义；公式在本 sheet 内，表内可追踪到来源字段,主课和每日一问!DP4(D10主课 / 完成率); 主课和每日一问!DP3(D10主课 / 完成率)
主课和每日一问,DR4,D10必修 / 目标,,,缺值/空字段；当前不能定义或不能使用,
主课和每日一问,DS4,D10必修 / 完成 / 人数,329,329,直接填入/外部导入；字段名可理解，但上游来源未在本表呈现,
主课和每日一问,DT4,D10必修 / 完成率,=DS4/D4,,可定义；公式在本 sheet 内，表内可追踪到来源字段,主课和每日一问!DS4(D10必修 / 完成 / 人数=329); 主课和每日一问!D4(带班 / 学员配额)
主课和每日一问,DU4,D10必修 / 同比 / 上一期,=(DT4-DT3)/DT3,,可定义；公式在本 sheet 内，表内可追踪到来源字段,主课和每日一问!DT4(D10必修 / 完成率); 主课和每日一问!DT3(D10必修 / 完成率=0.43)
主课和每日一问,DV4,D10每日一问 / 目标,,,缺值/空字段；当前不能定义或不能使用,
主课和每日一问,DW4,D10每日一问 / 完成 / 人数,278,278,直接填入/外部导入；字段名可理解，但上游来源未在本表呈现,
主课和每日一问,DX4,D10每日一问 / 完成率,=DW4/D4,,可定义；公式在本 sheet 内，表内可追踪到来源字段,主课和每日一问!DW4(D10每日一问 / 完成 / 人数=278); 主课和每日一问!D4(带班 / 学员配额)
主课和每日一问,DY4,D10每日一问 / 同比 / 上一期,=(DX4-DX3)/DX3,,可定义；公式在本 sheet 内，表内可追踪到来源字段,主课和每日一问!DX4(D10每日一问 / 完成率); 主课和每日一问!DX3(D10每日一问 / 完成率=0.369)
直播数据,A4,营期,602期,602期,直接填入/外部导入；字段名可理解，但上游来源未在本表呈现,
直播数据,B4,开营时间 / D-1,2026-06-24 00:00:00,2026-06-24 00:00:00,直接填入/外部导入；字段名可理解，但上游来源未在本表呈现,
直播数据,C4,结营时间 / D10,2026-07-04 00:00:00,2026-07-04 00:00:00,直接填入/外部导入；字段名可理解，但上游来源未在本表呈现,
直播数据,D4,班级 / 总配额,='营期整体数据'!X4,,可定义；公式跨 sheet 引用，表内可追踪到来源字段,营期整体数据!X4(班级 / 总配额)
直播数据,E4,家学学员 / 人数,='营期整体数据'!AU4,,可定义；公式跨 sheet 引用，表内可追踪到来源字段,营期整体数据!AU4(家学学员 / 人数=324)
直播数据,F4,非家学 / 人数,='营期整体数据'!BK4+'营期整体数据'!CA4,,可定义；公式跨 sheet 引用，表内可追踪到来源字段,营期整体数据!BK4(焦妈未进阶学员 / 人数=231); 营期整体数据!CA4(全新学员 / 人数=467)
直播数据,G4,D4直播学习情况 / 到课率 / 目标,0.5,0.5,直接填入/外部导入；字段名可理解，但上游来源未在本表呈现,
直播数据,H4,D4直播学习情况 / 实际 / 到课率,0.523,0.523,直接填入/外部导入；字段名可理解，但上游来源未在本表呈现,
直播数据,I4,D4直播学习情况 / 完课率 / 目标,0.4,0.4,直接填入/外部导入；字段名可理解，但上游来源未在本表呈现,
直播数据,J4,D4直播学习情况 / 实际 / 完课率,0.402,0.402,直接填入/外部导入；字段名可理解，但上游来源未在本表呈现,
直播数据,K4,D5直播学习情况 / 到课率 / 目标,0.45,0.45,直接填入/外部导入；字段名可理解，但上游来源未在本表呈现,
直播数据,L4,D5直播学习情况 / 实际 / 到课率,0.453,0.453,直接填入/外部导入；字段名可理解，但上游来源未在本表呈现,
直播数据,M4,D5直播学习情况 / 同比 / 上一期,=(L4-L3)/L3,,可定义；公式在本 sheet 内，表内可追踪到来源字段,直播数据!L4(D5直播学习情况 / 实际 / 到课率=0.453); 直播数据!L3(D5直播学习情况 / 实际 / 到课率=0.561)
直播数据,N4,D5直播学习情况 / 到课率 / 目标 / 达成率,=L4/K4,,可定义；公式在本 sheet 内，表内可追踪到来源字段,直播数据!L4(D5直播学习情况 / 实际 / 到课率=0.453); 直播数据!K4(D5直播学习情况 / 到课率 / 目标=0.45)
直播数据,O4,D5直播学习情况 / 完课率 / 目标,0.35,0.35,直接填入/外部导入；字段名可理解，但上游来源未在本表呈现,
直播数据,P4,D5直播学习情况 / 实际 / 完课率,0.333,0.333,直接填入/外部导入；字段名可理解，但上游来源未在本表呈现,
直播数据,Q4,D5直播学习情况 / 同比 / 上一期,=(P4-P3)/P3,,可定义；公式在本 sheet 内，表内可追踪到来源字段,直播数据!P4(D5直播学习情况 / 实际 / 完课率=0.333); 直播数据!P3(D5直播学习情况 / 实际 / 完课率=0.428)
直播数据,R4,D5直播学习情况 / 完课率 / 目标 / 达成率,=P4/O4,,可定义；公式在本 sheet 内，表内可追踪到来源字段,直播数据!P4(D5直播学习情况 / 实际 / 完课率=0.333); 直播数据!O4(D5直播学习情况 / 完课率 / 目标=0.35)
直播数据,S4,D5订金情况 / 有效 / 总人数,=U4+X4,,可定义；公式在本 sheet 内，表内可追踪到来源字段,直播数据!U4(D5订金情况 / 家学学员 / 订金人数=43); 直播数据!X4(D5订金情况 / 非家学 / 订金人数=16)
直播数据,T4,D5订金情况 / 有效 / 定金率,=S4/D4,,可定义；公式在本 sheet 内，表内可追踪到来源字段,直播数据!S4(D5订金情况 / 有效 / 总人数); 直播数据!D4(班级 / 总配额)
直播数据,U4,D5订金情况 / 家学学员 / 订金人数,43,43,直接填入/外部导入；字段名可理解，但上游来源未在本表呈现,
直播数据,V4,D5订金情况 / 家学学员 / 订金率,=U4/$E4,,可定义；公式在本 sheet 内，表内可追踪到来源字段,直播数据!U4(D5订金情况 / 家学学员 / 订金人数=43); 直播数据!E4(家学学员 / 人数)
直播数据,W4,D5订金情况 / 家学学员 / 占比（新老）,=U4/(U4+X4),,可定义；公式在本 sheet 内，表内可追踪到来源字段,直播数据!U4(D5订金情况 / 家学学员 / 订金人数=43); 直播数据!X4(D5订金情况 / 非家学 / 订金人数=16)
直播数据,X4,D5订金情况 / 非家学 / 订金人数,16,16,直接填入/外部导入；字段名可理解，但上游来源未在本表呈现,
直播数据,Y4,D5订金情况 / 非家学 / 订金率,=X4/$F4,,可定义；公式在本 sheet 内，表内可追踪到来源字段,直播数据!X4(D5订金情况 / 非家学 / 订金人数=16); 直播数据!F4(非家学 / 人数)
直播数据,Z4,D5订金情况 / 新学员 / 占比（新老）,=X4/(U4+X4),,可定义；公式在本 sheet 内，表内可追踪到来源字段,直播数据!X4(D5订金情况 / 非家学 / 订金人数=16); 直播数据!U4(D5订金情况 / 家学学员 / 订金人数=43)
直播数据,AA4,D5订金情况 / 补款 / 人数,49,49,直接填入/外部导入；字段名可理解，但上游来源未在本表呈现,
直播数据,AB4,D5订金情况 / 补款率,=AA4/S4,,可定义；公式在本 sheet 内，表内可追踪到来源字段,直播数据!AA4(D5订金情况 / 补款 / 人数=49); 直播数据!S4(D5订金情况 / 有效 / 总人数)
直播数据,AC4,D6直播学习情况 / 到课率 / 目标,0.45,0.45,直接填入/外部导入；字段名可理解，但上游来源未在本表呈现,
直播数据,AD4,D6直播学习情况 / 实际 / 到课率,0.344,0.344,直接填入/外部导入；字段名可理解，但上游来源未在本表呈现,
直播数据,AE4,D6直播学习情况 / 同比 / 上一期,=(AD4-AD3)/AD3,,可定义；公式在本 sheet 内，表内可追踪到来源字段,直播数据!AD4(D6直播学习情况 / 实际 / 到课率=0.344); 直播数据!AD3(D6直播学习情况 / 实际 / 到课率=0.44)
直播数据,AF4,D6直播学习情况 / 到课率 / 目标 / 达成率,=AD4/AC4,,可定义；公式在本 sheet 内，表内可追踪到来源字段,直播数据!AD4(D6直播学习情况 / 实际 / 到课率=0.344); 直播数据!AC4(D6直播学习情况 / 到课率 / 目标=0.45)
直播数据,AG4,D6直播学习情况 / 完课率 / 目标,0.35,0.35,直接填入/外部导入；字段名可理解，但上游来源未在本表呈现,
直播数据,AH4,D6直播学习情况 / 实际 / 完课率,0.242,0.242,直接填入/外部导入；字段名可理解，但上游来源未在本表呈现,
直播数据,AI4,D6直播学习情况 / 同比 / 上一期,=(AH4-AH3)/AH3,,可定义；公式在本 sheet 内，表内可追踪到来源字段,直播数据!AH4(D6直播学习情况 / 实际 / 完课率=0.242); 直播数据!AH3(D6直播学习情况 / 实际 / 完课率=0.303)
直播数据,AJ4,D6直播学习情况 / 完课率 / 目标 / 达成率,=AH4/AG4,,可定义；公式在本 sheet 内，表内可追踪到来源字段,直播数据!AH4(D6直播学习情况 / 实际 / 完课率=0.242); 直播数据!AG4(D6直播学习情况 / 完课率 / 目标=0.35)
直播数据,AK4,D6订金情况 / 当日总 / 订金人数,=AM4+AP4,,可定义；公式在本 sheet 内，表内可追踪到来源字段,直播数据!AM4(D6订金情况 / 家学学员 / 订金人数=19); 直播数据!AP4(D6订金情况 / 非家学 / 订金人数=9)
直播数据,AL4,D6订金情况 / 当日 / 定金率,=AK4/D4,,可定义；公式在本 sheet 内，表内可追踪到来源字段,直播数据!AK4(D6订金情况 / 当日总 / 订金人数); 直播数据!D4(班级 / 总配额)
直播数据,AM4,D6订金情况 / 家学学员 / 订金人数,19,19,直接填入/外部导入；字段名可理解，但上游来源未在本表呈现,
直播数据,AN4,D6订金情况 / 家学学员 / 订金率,=AM4/$E4,,可定义；公式在本 sheet 内，表内可追踪到来源字段,直播数据!AM4(D6订金情况 / 家学学员 / 订金人数=19); 直播数据!E4(家学学员 / 人数)
直播数据,AO4,D6订金情况 / 家学学员 / 占比（新老）,=AM4/(AM4+AP4),,可定义；公式在本 sheet 内，表内可追踪到来源字段,直播数据!AM4(D6订金情况 / 家学学员 / 订金人数=19); 直播数据!AP4(D6订金情况 / 非家学 / 订金人数=9)
直播数据,AP4,D6订金情况 / 非家学 / 订金人数,9,9,直接填入/外部导入；字段名可理解，但上游来源未在本表呈现,
直播数据,AQ4,D6订金情况 / 非家学 / 订金率,=AP4/$F4,,可定义；公式在本 sheet 内，表内可追踪到来源字段,直播数据!AP4(D6订金情况 / 非家学 / 订金人数=9); 直播数据!F4(非家学 / 人数)
直播数据,AR4,D6订金情况 / 新学员 / 占比（新老）,=AP4/(AM4+AP4),,可定义；公式在本 sheet 内，表内可追踪到来源字段,直播数据!AP4(D6订金情况 / 非家学 / 订金人数=9); 直播数据!AM4(D6订金情况 / 家学学员 / 订金人数=19)
直播数据,AS4,D6订金情况 / 补款 / 人数,12,12,直接填入/外部导入；字段名可理解，但上游来源未在本表呈现,
直播数据,AT4,D6订金情况 / 补款率,=AS4/AK4,,可定义；公式在本 sheet 内，表内可追踪到来源字段,直播数据!AS4(D6订金情况 / 补款 / 人数=12); 直播数据!AK4(D6订金情况 / 当日总 / 订金人数)
直播数据,AU4,D7 / 订金 / 人数,1,1,直接填入/外部导入；字段名可理解，但上游来源未在本表呈现,
直播数据,AV4,D7 / 补款 / 人数,1,1,直接填入/外部导入；字段名可理解，但上游来源未在本表呈现,
直播数据,AW4,总订金情况 / 订金 / 总人数,=AY4+BB4,,可定义；公式在本 sheet 内，表内可追踪到来源字段,直播数据!AY4(总订金情况 / 家学学员 / 订金人数); 直播数据!BB4(总订金情况 / 非家学 / 订金人数)
直播数据,AX4,总订金情况 / 总 / 订金率,=AW4/D4,,可定义；公式在本 sheet 内，表内可追踪到来源字段,直播数据!AW4(总订金情况 / 订金 / 总人数); 直播数据!D4(班级 / 总配额)
直播数据,AY4,总订金情况 / 家学学员 / 订金人数,=AM4+U4+AU4,,可定义；公式在本 sheet 内，表内可追踪到来源字段,直播数据!AM4(D6订金情况 / 家学学员 / 订金人数=19); 直播数据!U4(D5订金情况 / 家学学员 / 订金人数=43); 直播数据!AU4(D7 / 订金 / 人数=1)
直播数据,AZ4,总订金情况 / 家学学员 / 订金率,=AY4/$E4,,可定义；公式在本 sheet 内，表内可追踪到来源字段,直播数据!AY4(总订金情况 / 家学学员 / 订金人数); 直播数据!E4(家学学员 / 人数)
直播数据,BA4,总订金情况 / 家学学员 / 占比（新老）,=AY4/(AY4+BB4),,可定义；公式在本 sheet 内，表内可追踪到来源字段,直播数据!AY4(总订金情况 / 家学学员 / 订金人数); 直播数据!BB4(总订金情况 / 非家学 / 订金人数)
直播数据,BB4,总订金情况 / 非家学 / 订金人数,=AP4+X4,,可定义；公式在本 sheet 内，表内可追踪到来源字段,直播数据!AP4(D6订金情况 / 非家学 / 订金人数=9); 直播数据!X4(D5订金情况 / 非家学 / 订金人数=16)
直播数据,BC4,总订金情况 / 非家学 / 订金率,=BB4/$F4,,可定义；公式在本 sheet 内，表内可追踪到来源字段,直播数据!BB4(总订金情况 / 非家学 / 订金人数); 直播数据!F4(非家学 / 人数)
直播数据,BD4,总订金情况 / 非家学 / 占比（新老）,=BB4/(AY4+BB4),,可定义；公式在本 sheet 内，表内可追踪到来源字段,直播数据!BB4(总订金情况 / 非家学 / 订金人数); 直播数据!AY4(总订金情况 / 家学学员 / 订金人数)
直播数据,BE4,总订金情况 / 总补款 / 人数,=AS4+AA4+AV4,,可定义；公式在本 sheet 内，表内可追踪到来源字段,直播数据!AS4(D6订金情况 / 补款 / 人数=12); 直播数据!AA4(D5订金情况 / 补款 / 人数=49); 直播数据!AV4(D7 / 补款 / 人数=1)
直播数据,BF4,总订金情况 / 总 / 补款率,=BE4/AW4,,可定义；公式在本 sheet 内，表内可追踪到来源字段,直播数据!BE4(总订金情况 / 总补款 / 人数); 直播数据!AW4(总订金情况 / 订金 / 总人数)
流量数据沉淀,A3,营期,,,缺值/空字段；当前不能定义或不能使用,
流量数据沉淀,B3,合计 / 渠道 / 人数,,,缺值/空字段；当前不能定义或不能使用,
流量数据沉淀,C3,合计 / 渠道 / 占比,,,缺值/空字段；当前不能定义或不能使用,
流量数据沉淀,D3,合计 / 进阶 / 单数,,,缺值/空字段；当前不能定义或不能使用,
流量数据沉淀,E3,合计 / 产品 / 转化率,,,缺值/空字段；当前不能定义或不能使用,
流量数据沉淀,F3,合计 / 广告费,,,缺值/空字段；当前不能定义或不能使用,
流量数据沉淀,G3,合计 / CAC,,,缺值/空字段；当前不能定义或不能使用,
流量数据沉淀,H3,合计 / 进阶 / 金额,,,缺值/空字段；当前不能定义或不能使用,
流量数据沉淀,I3,合计 / ltv,,,缺值/空字段；当前不能定义或不能使用,
流量数据沉淀,J3,合计 / roi,,,缺值/空字段；当前不能定义或不能使用,
流量数据沉淀,K3,裂变 / 渠道 / 人数,470,470,直接填入/外部导入；字段名可理解，但上游来源未在本表呈现,
流量数据沉淀,L3,裂变 / 渠道 / 占比,=K3/$B3,,可定义；公式在本 sheet 内，表内可追踪到来源字段,流量数据沉淀!K3(裂变 / 渠道 / 人数=470); 流量数据沉淀!B3(合计 / 渠道 / 人数)
流量数据沉淀,M3,裂变 / 进阶 / 单数,69.3,69.3,直接填入/外部导入；字段名可理解，但上游来源未在本表呈现,
流量数据沉淀,N3,裂变 / 单数 / 转化率,=M3/K3,,可定义；公式在本 sheet 内，表内可追踪到来源字段,流量数据沉淀!M3(裂变 / 进阶 / 单数=69.3); 流量数据沉淀!K3(裂变 / 渠道 / 人数=470)
流量数据沉淀,O3,裂变 / 广告费,23500,23500,直接填入/外部导入；字段名可理解，但上游来源未在本表呈现,
流量数据沉淀,P3,裂变 / CAC,=O3/K3,,可定义；公式在本 sheet 内，表内可追踪到来源字段,流量数据沉淀!O3(裂变 / 广告费=23500); 流量数据沉淀!K3(裂变 / 渠道 / 人数=470)
流量数据沉淀,Q3,裂变 / 进阶 / 金额,206620,206620,直接填入/外部导入；字段名可理解，但上游来源未在本表呈现,
流量数据沉淀,R3,裂变 / ltv,=Q3/K3,,可定义；公式在本 sheet 内，表内可追踪到来源字段,流量数据沉淀!Q3(裂变 / 进阶 / 金额=206620); 流量数据沉淀!K3(裂变 / 渠道 / 人数=470)
流量数据沉淀,S3,裂变 / roi,=Q3/O3,,可定义；公式在本 sheet 内，表内可追踪到来源字段,流量数据沉淀!Q3(裂变 / 进阶 / 金额=206620); 流量数据沉淀!O3(裂变 / 广告费=23500)
流量数据沉淀,T3,CPA / 渠道 / 人数,93,93,直接填入/外部导入；字段名可理解，但上游来源未在本表呈现,
流量数据沉淀,U3,CPA / 渠道 / 占比,=T3/$B3,,可定义；公式在本 sheet 内，表内可追踪到来源字段,流量数据沉淀!T3(CPA / 渠道 / 人数=93); 流量数据沉淀!B3(合计 / 渠道 / 人数)
流量数据沉淀,V3,CPA / 进阶 / 单数,2.66,2.66,直接填入/外部导入；字段名可理解，但上游来源未在本表呈现,
流量数据沉淀,W3,CPA / 产品 / 转化率,=V3/T3,,可定义；公式在本 sheet 内，表内可追踪到来源字段,流量数据沉淀!V3(CPA / 进阶 / 单数=2.66); 流量数据沉淀!T3(CPA / 渠道 / 人数=93)
流量数据沉淀,X3,CPA / 广告费,11440,11440,直接填入/外部导入；字段名可理解，但上游来源未在本表呈现,
流量数据沉淀,Y3,CPA / CAC,=X3/T3,,可定义；公式在本 sheet 内，表内可追踪到来源字段,流量数据沉淀!X3(CPA / 广告费=11440); 流量数据沉淀!T3(CPA / 渠道 / 人数=93)
流量数据沉淀,Z3,CPA / 进阶 / 金额,7960,7960,直接填入/外部导入；字段名可理解，但上游来源未在本表呈现,
流量数据沉淀,AA3,CPA / ltv,=Z3/T3,,可定义；公式在本 sheet 内，表内可追踪到来源字段,流量数据沉淀!Z3(CPA / 进阶 / 金额=7960); 流量数据沉淀!T3(CPA / 渠道 / 人数=93)
流量数据沉淀,AB3,CPA / roi,=Z3/X3,,可定义；公式在本 sheet 内，表内可追踪到来源字段,流量数据沉淀!Z3(CPA / 进阶 / 金额=7960); 流量数据沉淀!X3(CPA / 广告费=11440)
流量数据沉淀,AC3,视频号直播 / 渠道 / 人数,,,缺值/空字段；当前不能定义或不能使用,
流量数据沉淀,AD3,视频号直播 / 渠道 / 占比,,,缺值/空字段；当前不能定义或不能使用,
流量数据沉淀,AE3,视频号直播 / 进阶 / 单数,,,缺值/空字段；当前不能定义或不能使用,
流量数据沉淀,AF3,视频号直播 / 产品 / 转化率,,,缺值/空字段；当前不能定义或不能使用,
流量数据沉淀,AG3,视频号直播 / 广告费,,,缺值/空字段；当前不能定义或不能使用,
流量数据沉淀,AH3,视频号直播 / CAC,,,缺值/空字段；当前不能定义或不能使用,
流量数据沉淀,AI3,视频号直播 / 进阶 / 金额,,,缺值/空字段；当前不能定义或不能使用,
流量数据沉淀,AJ3,视频号直播 / ltv,,,缺值/空字段；当前不能定义或不能使用,
流量数据沉淀,AK3,视频号直播 / roi,,,缺值/空字段；当前不能定义或不能使用,
流量数据沉淀,AL3,视频号加热 / 渠道 / 人数,,,缺值/空字段；当前不能定义或不能使用,
流量数据沉淀,AM3,视频号加热 / 渠道 / 占比,,,缺值/空字段；当前不能定义或不能使用,
流量数据沉淀,AN3,视频号加热 / 进阶 / 单数,,,缺值/空字段；当前不能定义或不能使用,
流量数据沉淀,AO3,视频号加热 / 产品 / 转化率,,,缺值/空字段；当前不能定义或不能使用,
流量数据沉淀,AP3,视频号加热 / 广告费,,,缺值/空字段；当前不能定义或不能使用,
流量数据沉淀,AQ3,视频号加热 / 人均 / 获客,,,缺值/空字段；当前不能定义或不能使用,
流量数据沉淀,AR3,视频号加热 / 进阶 / 金额,,,缺值/空字段；当前不能定义或不能使用,
流量数据沉淀,AS3,视频号加热 / ltv,,,缺值/空字段；当前不能定义或不能使用,
流量数据沉淀,AT3,视频号加热 / roi,,,缺值/空字段；当前不能定义或不能使用,
流量数据沉淀,AU3,裂变 / 渠道 / 人数,470,470,直接填入/外部导入；字段名可理解，但上游来源未在本表呈现,
流量数据沉淀,AV3,裂变 / 渠道 / 占比,,,缺值/空字段；当前不能定义或不能使用,
流量数据沉淀,AW3,裂变 / 进阶 / 单数,,,缺值/空字段；当前不能定义或不能使用,
流量数据沉淀,AX3,裂变 / 产品 / 转化率,,,缺值/空字段；当前不能定义或不能使用,
流量数据沉淀,AY3,裂变 / 广告费,,,缺值/空字段；当前不能定义或不能使用,
流量数据沉淀,AZ3,裂变 / 人均 / 获客,,,缺值/空字段；当前不能定义或不能使用,
流量数据沉淀,BA3,裂变 / 进阶 / 金额,,,缺值/空字段；当前不能定义或不能使用,
流量数据沉淀,BB3,裂变 / ltv,,,缺值/空字段；当前不能定义或不能使用,
流量数据沉淀,BC3,裂变 / roi,,,缺值/空字段；当前不能定义或不能使用,
